away_team,home_team,map,away_main_dps_kills,away_main_dps_deaths,away_main_dps_ults,away_main_dps_kdr,away_flex_dps_kills,away_flex_dps_deaths,away_flex_dps_ults,away_flex_dps_kdr,away_main_support_kills,away_main_support_deaths,away_main_support_ults,away_main_support_kdr,away_flex_support_kills,away_flex_support_deaths,away_flex_support_ults,away_flex_support_kdr,away_main_tank_kills,away_main_tank_deaths,away_main_tank_ults,away_main_tank_kdr,away_flex_tank_kills,away_flex_tank_deaths,away_flex_tank_ults,away_flex_tank_kdr,home_main_dps_kills,hom_main_dps_deaths,hom_main_dps_ults,hom_main_dps_kdr,home_flex_dps_kills,hom_flex_dps_deaths,hom_flex_dps_ults,hom_flex_dps_kdr,home_main_support_kills,hom_main_support_deaths,hom_main_support_ults,hom_main_support_kdr,home_flex_support_kills,hom_flex_support_deaths,hom_flex_support_ults,hom_flex_support_kdr,home_main_tank_kills,hom_main_tank_deaths,hom_main_tank_ults,hom_main_tank_kdr,home_flex_tank_kills,hom_flex_tank_deaths,hom_flex_tank_ults,hom_flex_tank_kdr,away_team_goats,away_team_Winston_goats,away_team_sombra_goats,away_team_ana_goats,away_team_dive,away_team_wrecking_crew,home_team_goats,home_team_Winston_goats,home_team_sombra_goats,home_team_ana_goats,home_team_dive,home_team_wrecking_crew
PHI,LDN,1,10,4,5,+2,2,6,6,+1,4,5,4,-1,5,5,3,+3,3,3,4,0,6,4,7,-1,6,5,6,-2,2,6,6,-1,7,7,4,-1,7,4,4,0,0,4,4,0,5,4,4,0,0.343,0.657,0,0.005,0.0,0.0,0.361,0.436,0,0.002,0.101,-0.101
PHI,LDN,2,8,12,7,+2,5,10,7,-3,11,14,7,-1,9,4,6,+2,5,14,6,-1,9,11,10,+3,17,8,9,+2,12,7,10,+1,11,11,10,0,13,5,9,-1,4,7,7,-3,8,9,8,-1,0.765,0.201,0,0,-0.033,0.053,0.956,0.019,0,0,-0.019,0.055
PHI,LDN,3,11,7,7,+2,2,9,6,-1,6,15,6,-2,8,8,8,0,4,8,5,+1,9,9,9,+1,18,6,9,+1,13,5,9,+1,8,11,6,0,8,5,7,0,1,7,6,-1,9,7,8,-2,0.143,0.564,0,0,0.103,0.109,0.218,0.393,0,0,0.127,0.196
PHI,LDN,4,4,0,2,+2,7,0,3,+1,2,1,2,0,5,0,2,0,4,1,1,+1,2,2,2,+2,1,3,2,-1,1,3,2,0,0,6,1,-3,0,4,1,0,2,6,2,0,1,4,1,-2,0.174,0.781,0,0,0.045,-0.011,0.806,0.184,0.119,0,-0.01,0.045
NYE,BOS,1,10,2,4,+1,5,4,5,-1,4,4,6,0,4,3,5,0,3,0,4,+1,12,2,4,+1,0,5,4,0,1,6,6,0,3,8,4,-2,2,6,4,+1,1,6,3,-2,7,7,4,+1,0.581,0.419,0.581,0,0.0,-0.0,0.557,0.433,0,0,-0.005,0.005
NYE,BOS,2,9,8,8,0,10,10,9,0,6,14,9,-3,10,8,7,+1,3,5,7,0,12,10,8,+1,8,8,7,0,5,10,9,-3,10,10,11,0,17,7,6,+4,6,7,5,0,7,8,9,0,0.663,0.294,0,0,0.023,-0.001,0.899,0.101,0,0.029,-0.014,0.022
NYE,BOS,3,9,6,10,+2,12,7,10,+2,11,10,7,0,12,5,9,+2,3,6,6,0,5,7,9,+2,10,8,6,+1,7,11,8,-5,6,12,5,0,8,8,7,-3,1,5,8,0,8,8,9,-1,0.644,0.25,0,0.024,0.003,0.051,0.839,0.14,0,0.062,0.016,0.014
NYE,BOS,4,18,1,9,+2,3,8,5,-4,12,6,7,0,9,0,9,+2,5,2,6,+1,19,5,6,+4,5,12,6,0,3,11,8,0,7,13,6,-1,5,9,5,0,0,9,4,-2,2,12,6,-2,0.946,-0.054,0.945,0,0.055,-0.003,0.948,0.052,0,0.087,0.0,-0.0
SEO,GLA,1,3,6,3,+1,3,8,2,-1,3,6,2,-2,3,4,3,+1,0,5,2,0,2,6,3,+1,5,1,3,0,1,2,3,0,11,2,3,+1,6,2,3,+1,5,6,2,-2,2,2,4,0,0.239,-0.011,0,0,0.492,-0.492,0.0,0.129,0,0,0.871,-0.871
SEO,GLA,2,10,4,6,0,11,3,7,+2,16,3,7,+2,2,1,5,-1,11,2,4,+2,8,2,7,+2,0,9,6,-2,0,9,6,-2,7,11,6,-1,0,9,6,-2,1,10,4,-2,3,10,7,0,0.999,0.001,0.49,0,-0.001,0.001,1.0,-0.009,0.697,0.025,0.009,-0.006
SEO,GLA,3,5,3,2,-1,4,3,4,-2,6,3,4,+2,5,3,2,-1,1,1,3,+1,4,2,4,+1,2,5,3,-1,2,5,3,0,4,6,4,-3,1,3,3,0,2,4,1,0,1,4,4,+1,0.971,0.01,0.405,0.004,-0.01,0.01,0.576,0.378,0,0,0.046,-0.046
SEO,GLA,4,16,11,11,-3,8,9,17,0,17,10,11,-1,17,6,9,+5,6,9,10,-2,13,9,15,+3,8,13,13,-3,7,14,13,-1,10,19,12,-3,11,7,11,+5,7,13,10,-1,12,12,14,+1,0.788,-0.096,0,0,0.158,-0.061,0.768,0.021,0,0,0.211,-0.208
 SHD,HZS,1,18,6,9,+8,7,5,6,0,5,5,5,0,6,7,7,-1,5,7,3,-1,8,8,6,-2,8,5,4,+1,6,12,6,-3,4,11,3,-2,9,7,3,+1,6,6,3,0,5,8,8,-1,0.0,0.0,0,0,0.0,3.0,0.0,0.155,0,0,0.845,-0.736
 SHD,HZS,2,4,6,6,-1,4,6,5,0,3,9,5,-2,1,7,3,0,1,7,3,-2,1,4,6,+1,9,1,5,+2,1,4,6,-2,9,2,7,+2,11,2,4,+2,4,3,2,-1,5,2,6,+1,0.0,6.0,6.0,6.0,-6.0,6.0,1.0,0.0,0,0,0.0,0.0
 SHD,HZS,3,8,11,5,-4,9,5,5,+1,10,8,4,-1,10,8,4,-1,1,6,4,-1,6,7,4,-1,12,10,6,+1,12,10,6,+1,8,9,5,-2,6,9,4,0,2,7,5,0,2,7,5,0,0.0,0.0,0,0,0.0,2.578,0.142,-0.409,0,0,0.464,-0.244
 SHD,HZS,4,10,4,9,+1,4,7,6,-3,5,10,5,-4,7,8,7,0,3,9,3,-3,3,5,7,0,9,4,6,+2,9,6,7,+2,5,7,6,-1,8,5,5,+3,2,6,6,+1,7,7,9,+2,0.0,4.152,4.152,4.152,-4.152,5.076,0.702,-0.307,0,0,0.307,-0.199
TOR,HOU,1,12,8,7,+3,6,8,7,0,9,11,6,0,16,10,6,0,4,6,5,0,4,9,7,-2,7,8,7,-4,9,11,8,+2,11,11,7,+1,11,8,5,+1,4,7,5,+1,7,9,8,-2,0.269,0.476,0.342,0,0.137,-0.134,0.213,0.305,0,0.098,0.152,-0.105
TOR,HOU,2,14,11,10,+1,8,10,10,-3,9,10,10,-3,10,8,8,+2,3,9,8,-1,14,8,10,+3,14,9,11,0,5,13,10,-4,10,8,9,0,14,9,11,0,6,9,8,0,10,13,9,+2,0.279,0.721,0.002,0,-0.0,0.0,0.318,0.403,0,0,0.279,-0.279
TOR,HOU,3,10,6,5,+2,10,5,5,+2,6,7,5,-1,6,4,5,+3,1,4,4,-1,1,7,5,-2,5,6,6,+1,8,6,7,-2,4,8,5,-2,5,6,6,+1,6,3,4,+1,5,5,5,0,0.431,0.569,0.004,0,-0.019,0.021,0.669,0.298,0.324,0,-0.064,0.079
TOR,HOU,4,15,6,6,-1,9,5,7,+2,9,7,2,+3,8,5,5,+4,4,7,4,-5,5,6,4,0,6,9,7,0,7,9,7,-1,7,9,6,-1,1,9,4,-1,2,8,6,-1,13,9,6,+1,0.869,0.02,0,0,0.06,-0.03,0.774,-0.404,0,0,0.404,-0.404
TOR,HOU,5,13,8,5,+2,13,5,4,+1,10,10,3,+1,6,7,4,-2,3,10,2,0,2,11,4,0,9,5,5,0,10,12,4,+1,13,8,5,+1,9,5,5,0,1,8,4,-1,3,5,5,-1,0.0,0.0,0,0,0.323,0.195,0.0,0.0,0,0,0.0,0.809
ATL,FLA,1,12,2,5,+2,9,1,4,+3,3,1,3,0,11,2,3,+2,6,2,3,0,2,4,4,0,4,7,3,-2,2,7,3,0,2,10,1,-4,1,7,1,0,1,7,1,+1,2,7,3,-2,0.0,-0.415,0,0.013,0.789,-0.763,0.0,0.626,0,0.092,0.186,-0.042
ATL,FLA,2,7,5,7,0,4,4,7,-1,7,7,5,+1,9,1,6,+2,3,3,5,0,6,4,6,-1,6,7,5,-1,5,6,7,+2,6,8,5,-2,5,6,5,+1,1,5,4,-1,1,4,6,0,1.0,0.0,0,0,0.0,0.0,0.791,0.0,0,0.006,0.0,0.0
ATL,FLA,3,6,11,8,0,6,11,8,0,9,15,7,-3,15,8,6,+1,4,7,5,-1,3,11,8,-1,11,10,8,-4,14,7,8,+2,11,14,6,-3,14,7,8,+2,5,9,4,0,13,6,8,+3,0.671,-0.038,0.014,0,0.039,0.257,0.548,-0.098,0,0,0.474,-0.445
ATL,FLA,4,8,7,6,-4,4,5,5,+1,7,7,5,-1,5,4,4,+1,3,5,6,0,9,8,5,-3,9,7,7,+2,9,6,5,+2,9,7,4,-1,5,8,5,+3,2,4,4,+1,2,7,4,-1,0.874,-0.126,0,0.013,0.126,-0.126,0.916,-0.103,0,0,0.103,-0.056
DAL,SFS,1,1,6,4,-2,1,5,3,0,6,7,2,+1,2,6,3,0,3,3,2,0,0,6,5,-5,6,3,4,+2,7,4,3,-1,4,2,4,+2,7,2,3,+2,4,2,2,+1,4,2,5,0,0.331,-0.025,0,0.004,0.626,-0.243,0.603,-0.015,0,0,0.015,0.118
DAL,SFS,2,7,10,6,+1,5,11,6,-2,6,10,6,-2,4,3,7,0,1,6,4,0,2,7,4,-1,17,5,6,+1,6,5,7,-2,6,9,7,+1,4,1,3,+2,6,5,3,+2,8,2,6,0,1.0,0.0,1.0,0.102,0.0,0.0,1.0,0.0,0.051,0.68,0.0,0.0
DAL,SFS,3,4,8,5,-2,4,7,4,-1,4,7,4,-1,2,3,6,+1,1,3,3,-1,1,5,7,0,8,3,6,-1,5,4,4,-1,2,4,4,-1,4,2,4,0,6,2,5,+2,8,0,5,+5,0.392,0.059,0,0,0.361,-0.181,0.542,0.171,0,0.003,0.286,-0.273
DAL,SFS,4,6,9,7,+2,6,11,9,-1,2,14,5,-5,2,7,6,+1,1,9,4,-1,6,11,7,-3,6,2,10,+1,9,5,5,-1,11,5,7,-1,15,5,6,+2,7,4,5,+3,11,3,7,+2,0.977,0.023,0,0.034,-0.023,0.023,1.0,0.0,0,0,0.0,0.0
CDH,GZC,1,5,11,3,-4,2,8,6,0,5,7,3,-1,4,5,4,0,1,8,2,-1,2,7,6,0,12,3,6,+1,12,3,6,+1,6,2,8,+3,5,2,7,+1,4,4,4,0,4,6,5,-2,0.096,-0.011,0,0,0.011,-0.011,0.0,0.0,0,0,0.0,0.79
CDH,GZC,2,8,7,7,-1,6,9,8,+2,8,11,8,-2,8,7,7,-1,4,4,4,+1,5,6,7,-1,4,7,7,-1,9,10,6,-1,6,9,7,+4,4,3,5,0,5,8,5,-3,10,5,7,+3,0.266,0.369,0,0.007,-0.369,0.369,0.488,-0.031,0,0,0.543,-0.541
CDH,GZC,3,5,9,4,+1,3,13,5,-3,2,11,6,-2,7,9,5,+3,1,10,4,-2,4,13,4,-1,15,5,4,+5,15,5,4,+5,8,3,6,-1,14,3,6,0,6,4,4,0,6,3,7,-1,0.0,0.003,0,0,-0.003,0.317,0.0,0.0,0,0,0.225,0.518
CDH,GZC,4,12,10,7,+2,14,8,9,0,8,8,8,-1,13,9,7,-4,0,9,6,-1,5,4,7,+1,11,12,5,+2,11,12,5,+2,14,11,8,+3,6,8,5,0,4,9,4,0,3,5,10,-1,0.097,-0.346,0,0,0.346,0.21,0.216,-0.193,0,0,0.624,-0.094
CDH,GZC,5,8,3,6,+3,4,6,6,0,7,7,5,-2,8,4,5,+3,2,5,4,0,6,6,6,-2,5,5,5,-2,3,5,7,0,5,9,6,-1,8,8,5,+2,3,4,4,+1,7,5,5,-2,0.354,0.344,0,0,-0.344,0.344,0.658,-0.022,0.282,0.142,0.022,0.277
LDN,PAR,1,4,5,2,+1,1,6,3,-2,1,4,1,-2,1,5,2,-1,1,3,3,0,1,3,3,-2,4,1,3,+2,4,1,3,+1,5,2,3,+1,3,2,3,+1,5,2,2,+1,4,1,2,0,0.264,0.145,0,0.002,0.301,-0.267,0.387,0.091,0,0,0.271,-0.262
LDN,PAR,2,15,1,6,+1,12,1,6,+1,8,4,5,+2,9,2,5,+1,4,1,3,+1,5,3,4,0,3,9,4,-3,3,11,4,0,2,11,5,-2,3,5,3,0,0,9,3,0,2,8,5,-1,1.0,-0.003,0.997,0.003,0.003,0.0,1.0,-0.035,0,0,0.035,-0.035
LDN,PAR,3,7,7,4,0,8,7,5,+1,5,7,4,0,6,3,5,+2,2,3,5,0,2,7,6,-2,14,3,6,+3,4,6,4,-3,1,6,3,-1,3,4,6,-1,6,5,4,0,3,4,6,+2,0.446,0.273,0.044,0.054,-0.013,0.094,0.973,-0.013,0,0,0.013,0.006
LDN,PAR,4,5,9,8,-1,3,8,7,-1,4,12,4,-2,5,9,8,-1,4,6,4,-1,7,8,6,-1,11,6,7,+1,7,5,7,+5,9,8,8,-1,7,6,5,0,8,7,5,+1,7,6,6,0,1.0,0.0,1.0,0.012,0.0,0.014,1.0,0.0,0,0,0.0,0.0
WAS,NYE,1,3,7,4,-1,0,4,4,0,0,8,2,-5,2,6,4,-2,0,4,3,-3,1,6,4,-1,8,0,4,+3,4,2,3,0,7,2,5,+2,9,1,3,+4,1,0,3,+1,5,1,4,+2,1.0,0.0,0,0,0.0,0.0,0.653,0.347,0,0,0.0,0.0
WAS,NYE,2,0,3,2,-1,0,2,2,0,0,2,1,0,0,3,1,-1,0,1,1,0,0,1,2,-1,7,0,3,+1,0,0,2,0,1,0,2,0,3,0,1,+2,1,0,1,0,0,0,2,0,1.0,0.0,0,0,0.0,0.008,1.0,0.0,0,0.01,0.0,0.005
WAS,NYE,3,6,0,3,0,3,0,3,+1,5,3,1,+2,2,0,1,0,1,3,2,-2,4,1,3,0,1,3,2,0,5,3,3,+2,1,5,2,-1,0,4,2,0,0,2,2,-1,1,4,1,-1,1.0,0.0,0,0,0.0,0.0,0.29,0.09,0,0.003,0.029,0.281
WAS,NYE,4,2,5,3,-1,1,6,4,-2,2,6,3,0,0,4,3,0,1,5,3,-2,1,5,3,0,6,1,4,0,4,1,4,+1,4,1,5,0,11,1,4,+4,2,1,3,0,3,1,3,+1,1.0,-0.015,0,0,0.015,-0.007,1.0,-0.028,0,0,0.028,-0.014
VAL,HZS,1,15,5,6,+4,2,7,7,0,7,7,5,-4,4,4,3,+1,5,5,3,+1,4,6,5,0,6,8,5,0,4,6,6,-2,4,7,7,-1,12,8,6,+1,4,3,3,-1,3,6,7,+1,0.713,0.287,0.001,0,0.001,-0.001,1.0,0.0,0,0,0.0,0.0
VAL,HZS,2,14,4,5,+1,7,4,7,0,10,4,8,+3,10,3,6,+1,4,3,4,+1,13,3,8,+2,5,10,4,-1,1,12,7,-3,9,11,8,0,1,8,7,0,3,9,4,-2,2,8,7,-2,0.438,0.417,0,0,0.145,-0.145,0.431,0.399,0,0.001,0.17,-0.17
VAL,HZS,3,15,5,10,0,11,9,11,+3,7,10,10,-6,17,3,9,+2,2,8,6,0,3,7,9,+1,12,8,8,+3,5,12,8,-1,9,15,8,-1,6,6,7,0,7,7,7,-1,4,6,10,0,0.787,0.213,0,0.005,0.0,0.0,0.955,-0.017,0,0.044,0.017,0.024
VAL,HZS,4,2,9,6,-1,1,11,8,-1,6,12,7,-2,4,7,7,+1,6,9,6,-3,4,8,9,-1,12,3,8,+2,11,4,9,+1,7,6,6,+1,12,3,7,+2,7,2,8,+1,6,4,7,0,0.73,-0.082,0,0,0.208,-0.104,0.839,-0.16,0,0,0.16,-0.081
VAL,HZS,5,7,5,6,+1,11,8,7,-1,9,10,5,0,5,5,4,+2,4,7,4,-1,9,8,7,0,15,8,5,+1,4,9,7,-1,3,8,6,-3,11,7,7,+2,4,6,5,0,4,8,7,0,0.602,0.39,0,0,0.008,-0.004,0.673,-0.193,0,0,0.257,-0.257
VAN, SHD,1,10,5,3,0,11,5,6,+3,5,8,4,-4,3,4,3,+1,1,4,4,0,3,7,5,-3,10,7,8,+3,10,7,8,+3,8,5,5,0,4,2,7,+2,6,6,3,0,3,7,5,+1,0.247,0.634,0,0,0.118,-0.118,0.0,0.0,0,0,0.0,2.953
VAN, SHD,2,7,2,3,+3,5,0,2,+1,6,3,3,0,8,0,2,+1,1,0,2,+1,8,1,2,+1,4,6,2,-1,0,6,3,-2,0,7,2,-3,1,6,3,0,1,5,2,0,0,5,2,-1,1.0,0.0,0,0,0.0,0.0,0.0,6.0,6.0,6.0,-6.0,6.0
VAN, SHD,3,15,3,6,+2,6,6,5,-1,10,6,6,+4,10,4,4,0,7,1,4,+2,10,4,5,+1,7,11,5,0,2,12,4,-2,7,11,3,-4,3,9,4,-2,3,5,3,0,2,10,5,0,1.0,-0.038,0,0.022,0.038,-0.036,0.0,5.018,5.018,5.018,-5.018,5.509
VAN,SHD,4,8,9,4,-2,7,8,4,-2,7,9,5,0,8,1,4,+3,2,4,4,0,4,5,6,0,8,7,5,-1,8,7,5,-1,6,8,4,-1,9,4,3,+1,0,3,6,0,4,6,4,0,0.165,-0.07,0,0,0.863,-0.534,0.0,0.0,0,0,1.2,-1.2
HOU,BOS,1,5,0,5,+2,6,2,4,0,11,0,4,+3,9,1,4,0,1,2,3,0,2,1,3,0,2,7,2,0,1,6,3,0,0,9,2,-2,1,5,2,0,1,6,2,-1,1,4,3,-2,0.0,0.461,0,0,0.0,0.0,0.539,0.461,0,0.539,0.0,-0.0
HOU,BOS,2,8,8,8,+2,8,7,9,0,9,9,9,-2,14,6,8,+4,3,8,7,-3,6,7,9,+1,8,7,10,0,6,11,10,-3,7,11,9,-1,11,6,11,+5,4,7,6,-2,9,6,7,-1,1.0,-0.039,0,0,0.039,-0.039,0.982,0.018,0,0.012,-0.018,0.02
HOU,BOS,3,12,7,9,+1,8,8,9,0,6,13,6,-1,5,9,8,+2,3,8,6,-1,5,10,7,-2,12,6,6,-1,7,7,6,-1,12,9,8,0,12,6,5,+5,8,6,6,-2,4,4,10,0,0.502,0.252,0,0,0.065,0.056,0.839,0.071,0,0.008,0.09,-0.069
HOU,BOS,4,12,2,10,+3,12,8,9,-1,10,9,7,+1,12,2,10,+3,14,7,5,+1,5,6,6,0,3,10,6,0,8,8,10,+3,7,15,8,-3,10,10,7,+2,6,11,4,-3,6,11,6,-3,0.494,0.349,0.297,0.356,0.157,-0.157,0.443,0.496,0,0.242,0.059,-0.059
HOU,BOS,5,5,3,7,+1,3,7,4,-3,7,8,5,+1,9,4,4,+1,8,6,5,+1,2,7,5,-1,3,6,5,-2,2,7,7,-2,7,7,5,-1,12,5,5,+5,4,5,5,+1,8,6,6,-1,0.643,-0.182,0,0,0.27,-0.27,0.73,0.27,0,0,-0.0,0.0
PHI,ATL,1,15,9,6,+1,5,8,7,-4,9,11,3,0,9,5,6,+1,5,5,6,+1,5,11,7,-2,9,8,7,+3,6,9,6,-2,12,11,5,0,8,6,7,+2,7,8,6,-1,8,8,7,+1,0.561,-0.188,0,0,0.254,0.037,0.606,-0.285,0,0,0.342,-0.078
PHI,ATL,2,9,3,5,0,7,6,5,-1,6,5,6,0,6,2,4,+1,5,4,3,+1,4,4,6,+1,8,6,5,+2,3,6,5,-2,9,8,6,0,1,4,3,0,2,5,4,-1,1,8,5,-1,0.781,0.219,0.002,0,0.0,0.0,1.0,0.0,0,0,0.0,0.0
PHI,ATL,3,13,9,9,+1,9,13,6,-1,13,10,8,+3,15,10,7,+2,8,10,5,-2,9,8,11,0,15,12,7,-2,8,12,7,+2,8,13,6,0,11,10,6,+3,6,12,5,-2,10,14,8,-4,0.287,0.592,0,0,0.058,-0.024,0.969,0.028,0,0.024,-0.028,0.052
PHI,ATL,4,8,3,4,-2,6,3,5,0,12,4,5,+3,9,5,3,+3,6,6,3,-1,4,4,5,0,6,7,4,+1,1,10,5,-3,0,5,5,-1,3,5,4,0,3,10,3,0,12,8,4,0,0.419,0.566,0.002,0,0.015,-0.007,1.0,-0.016,0,0,0.016,-0.008
PHI,ATL,5,11,9,6,+1,6,9,7,-1,7,12,5,-1,11,3,4,0,9,9,5,-1,6,10,7,0,10,9,8,0,9,9,8,-1,6,10,7,+1,9,6,6,+2,11,9,5,-1,7,9,6,+1,0.362,0.556,0,0,0.083,-0.078,0.479,-0.349,0,0.022,0.449,-0.336
SFS,GLA,1,9,6,7,+1,4,6,7,-1,13,5,7,+2,13,5,5,+1,2,5,6,0,1,7,7,-1,6,6,8,+1,2,10,6,-6,8,8,8,-1,3,5,6,+1,9,7,6,+2,5,9,9,+1,0.371,0.198,0,0,0.146,-0.146,0.446,0.317,0,0.006,0.238,-0.202
SFS,GLA,2,2,9,6,-4,1,8,6,-2,7,10,5,-1,2,6,4,-2,0,6,4,0,1,3,8,0,5,3,8,0,3,3,8,+1,8,2,8,+2,9,1,6,+1,8,2,4,+1,9,2,8,+4,1.0,0.0,0.104,0.004,0.0,0.0,1.0,0.0,0,0,0.0,0.0
SFS,GLA,3,9,11,7,0,7,8,9,+1,3,12,7,-3,6,8,7,0,1,6,8,-2,3,6,9,0,12,6,9,0,9,7,9,+4,8,7,8,-2,9,2,7,0,6,4,5,+1,7,3,8,+1,0.624,-0.316,0,0,0.39,-0.285,0.338,0.469,0,0.026,0.194,-0.184
SFS,GLA,4,14,4,10,+3,7,8,10,+1,7,7,8,-3,14,4,8,+3,2,6,7,0,4,4,12,+3,6,5,10,+2,3,10,11,-5,4,9,12,-3,7,7,10,+4,6,10,6,-4,5,7,10,-1,1.0,-0.001,0,0.113,0.001,-0.0,0.998,-0.002,0.092,0,0.002,-0.002
SFS,GLA,5,8,8,6,+2,4,10,5,0,6,8,6,0,7,5,6,+2,6,7,4,0,3,9,4,-1,12,5,5,-2,8,6,7,-1,9,7,5,0,6,5,5,+1,5,4,4,+1,5,7,7,-2,0.476,0.08,0.502,0,-0.08,0.302,0.363,0.114,0,0,0.523,-0.523
SEO,DAL,1,5,5,6,+1,2,9,5,-1,10,8,4,0,6,5,4,-3,3,5,2,0,1,4,5,-1,15,4,4,0,2,6,4,0,9,5,5,+2,6,4,6,0,0,4,3,0,5,6,5,+2,0.729,0.271,0.461,0,0.0,0.0,0.803,-0.003,0.8,0,0.003,0.189
SEO,DAL,2,5,13,9,-1,5,13,9,-1,12,14,9,-3,7,9,9,-1,0,8,4,-3,5,5,9,+1,13,7,10,+3,15,10,9,+4,7,11,7,-4,9,7,8,0,2,5,7,+1,8,9,9,-1,0.914,-0.028,0.643,0.002,0.087,-0.057,0.927,-0.034,0.235,0.14,0.034,-0.0
SEO,DAL,3,13,7,6,+2,3,8,8,-1,4,8,7,0,2,3,7,0,2,6,5,-1,9,6,10,0,9,8,9,+1,3,6,8,0,6,10,6,-5,9,3,9,+2,2,4,5,+1,5,3,9,+1,0.675,0.316,0,0,-0.007,0.007,0.981,0.019,0.114,0.003,-0.019,0.021
SEO,DAL,4,2,4,2,0,1,5,2,-2,0,5,2,0,3,1,2,+1,0,3,1,0,3,6,2,-1,5,2,2,+1,4,1,3,0,6,0,4,+1,6,2,3,+1,0,3,1,0,3,1,2,-1,0.943,0.057,0,0.023,0.0,0.011,1.0,0.0,0.235,0,0.0,0.0
WAS,LDN,1,7,7,4,-3,5,4,4,+1,4,7,4,+1,6,4,3,+3,3,5,4,-1,3,7,5,-2,7,6,7,+1,7,3,5,0,6,7,6,-1,5,3,6,+1,2,4,3,-2,7,4,5,+2,0.979,-0.345,0,0,0.345,-0.1,0.211,0.002,0.071,0,-0.002,0.698
WAS,LDN,2,7,10,7,+1,5,7,7,+1,5,10,8,-3,3,8,6,+1,4,5,6,0,3,6,9,0,10,3,10,+1,4,4,10,+1,9,7,7,-2,10,4,6,+1,4,3,5,+1,10,5,9,-2,0.677,0.323,0,0,-0.005,0.005,0.81,0.19,0,0.077,0.077,-0.077
WAS,LDN,3,7,6,7,-1,1,9,6,-2,1,12,6,-4,4,7,6,+2,2,7,6,-1,4,7,8,0,7,2,8,+2,3,3,9,0,13,5,8,0,11,2,6,+4,4,3,5,+2,8,3,7,-2,0.973,0.018,0.026,0,-0.018,0.023,0.548,0.452,0,0,0.0,0.0
WAS,LDN,4,3,6,7,+1,1,4,6,-1,6,11,5,-5,4,7,4,0,3,6,6,+1,0,8,8,-2,8,1,9,+2,9,4,8,+3,10,4,7,0,4,2,6,0,3,3,4,0,6,4,5,+1,1.0,-0.009,0,0,0.009,-0.004,1.0,0.0,0.011,0,0.0,0.005
WAS,LDN,5,3,6,4,0,2,6,5,-2,2,8,4,-3,2,4,4,+1,2,7,4,+1,5,5,6,+1,10,2,7,0,4,3,6,0,6,3,5,+1,8,1,4,0,4,3,4,-1,4,4,3,+2,0.446,0.554,0,0,-0.062,0.062,0.446,0.554,0,0,-0.0,0.0
PHI,FLA,1,8,6,4,+3,2,6,3,0,5,9,3,-2,6,5,2,0,3,8,3,-1,3,5,2,0,5,5,3,+2,5,4,4,-1,9,7,3,0,9,4,5,+1,2,5,2,-1,7,6,3,-1,0.062,-0.394,0,0,0.806,-0.769,0.034,0.573,0,0,0.375,-0.311
PHI,FLA,2,18,9,8,+2,5,5,6,+1,3,14,7,-5,8,7,7,+2,2,11,3,0,8,6,8,0,12,7,8,+2,11,7,10,+1,11,10,5,-4,12,7,8,+2,1,5,5,-2,3,8,7,0,0.47,0.53,0.003,0.018,-0.022,0.032,0.756,-0.009,0.026,0,0.242,-0.236
PHI,FLA,3,15,7,8,+2,8,11,8,-2,13,12,6,-1,12,7,9,+2,8,9,7,+1,12,9,8,-1,16,9,5,+5,5,12,6,-4,9,16,5,-2,12,8,5,+3,6,9,5,+2,7,14,7,-5,0.467,0.27,0.225,0.041,-0.033,0.292,0.801,0.167,0,0.01,-0.114,0.131
PHI,FLA,4,2,5,4,0,0,4,3,-1,1,6,3,-2,3,4,3,-1,2,5,3,-1,1,5,3,-2,5,1,5,+2,3,1,4,+1,8,2,4,0,6,2,3,+3,1,1,2,0,6,2,3,+1,0.99,0.01,0,0.012,-0.01,0.01,1.0,0.0,0,0.005,0.0,0.0
GZC,DAL,1,8,8,3,+1,10,4,3,0,8,1,4,+2,3,2,2,0,1,4,2,-1,3,3,5,0,7,7,4,0,5,6,4,+1,8,6,3,-1,1,4,3,-1,1,5,2,0,1,7,4,-1,0.0,0.0,0,0,0.0,1.0,0.0,0.0,0,0,0.0,1.0
GZC,DAL,2,4,7,6,0,3,5,6,-1,18,8,6,-1,10,2,6,+4,5,6,3,0,6,7,5,-4,8,9,6,+1,4,9,7,-3,4,7,7,+1,16,7,6,+6,0,6,4,-2,3,8,5,-1,1.0,-0.008,0,0,0.008,-0.008,1.0,0.0,0.319,0,0.0,0.0
GZC,DAL,3,9,0,3,+4,3,0,3,0,4,1,2,0,8,0,3,+2,2,1,2,+2,1,0,4,0,0,4,1,-3,2,5,2,-2,0,6,2,-3,0,3,3,0,0,4,3,0,0,5,4,0,0.0,0.633,0,0,0.367,-0.367,0.267,0.272,0,0.002,0.209,-0.198
GZC,DAL,4,15,7,8,+3,6,5,8,+2,8,8,8,-4,6,5,8,+2,6,7,5,0,9,6,7,0,12,9,7,+4,8,9,7,-3,8,10,6,-4,5,9,6,+1,1,8,6,-1,4,10,8,-1,0.95,-0.06,0.486,0,0.06,-0.03,0.825,-0.166,0.181,0.142,0.166,-0.076
SEO,CDH,1,8,7,4,-1,6,8,6,-2,8,7,5,-1,2,4,4,-1,5,5,3,+1,6,8,4,-4,6,8,5,+1,11,8,7,+2,6,5,6,0,3,4,5,+1,5,6,4,0,8,8,5,+3,0.574,0.426,0.339,0,0.086,-0.086,0.0,0.766,0.106,0,-0.766,0.766
SEO,CDH,2,9,3,5,+3,5,3,5,+1,9,3,3,0,14,1,4,+6,1,4,3,-1,2,4,5,-1,4,7,4,-1,4,7,5,+1,5,8,5,-6,2,4,5,+1,0,7,3,-1,4,7,4,-2,0.382,0.612,0.003,0,0.007,-0.003,0.111,0.235,0,0,-0.235,0.466
SEO,CDH,3,16,6,5,+2,9,5,7,0,5,7,4,-1,11,5,5,+3,2,5,4,0,6,7,7,0,7,8,5,+1,9,11,7,-4,6,9,6,0,6,7,5,+1,5,6,6,-1,2,8,8,-1,0.694,0.025,0,0,0.209,-0.172,0.228,-0.303,0,0,0.303,-0.254
SEO,CDH,4,13,9,6,0,16,10,10,+1,12,12,10,+2,7,5,8,+1,5,9,6,0,6,11,9,0,7,12,8,0,15,13,8,0,11,12,11,-4,8,8,9,0,5,5,6,+1,8,11,8,0,0.696,0.029,0.229,0,0.275,-0.244,0.0,0.472,0,0,-0.472,0.472
ATL,TOR,1,6,11,5,-1,7,12,4,-1,4,10,4,-3,4,3,5,0,4,6,3,-3,4,7,6,-1,12,6,6,0,8,4,5,+2,6,5,4,+1,10,6,5,+3,6,4,3,0,7,4,6,+3,0.519,0.004,0,0,0.046,0.414,0.541,0.027,0,0,-0.0,0.431
ATL,TOR,2,16,5,8,0,5,5,7,0,6,6,7,+1,6,3,5,+1,2,3,4,-1,11,5,6,+3,7,5,6,+2,3,9,5,-2,3,10,4,-4,10,6,5,+3,3,10,3,-3,0,7,7,0,0.759,0.241,0,0.021,-0.0,0.01,0.629,0.371,0,0,-0.0,0.0
ATL,TOR,3,15,13,12,+1,11,11,12,-4,7,11,11,-1,13,5,10,+2,4,7,9,-2,4,7,9,-2,15,11,11,-1,8,11,10,+1,8,12,8,-3,11,6,9,+2,6,10,8,0,8,11,11,+2,0.656,-0.314,0,0,0.323,-0.274,0.936,0.032,0,0,0.021,-0.005
ATL,TOR,4,12,2,7,+2,12,1,7,+4,10,2,8,+4,12,0,6,0,5,2,5,0,4,1,6,-1,4,10,5,-1,0,6,6,-1,1,11,5,-1,2,9,5,-1,1,10,4,-3,0,9,5,-1,1.0,-0.057,0,0,0.057,-0.029,0.993,-0.007,0,0,0.007,0.0
NYE,VAL,1,4,5,4,-1,1,6,5,-3,3,7,6,0,4,5,3,0,1,3,3,0,2,7,4,-2,9,2,6,+2,2,3,6,-1,8,4,5,+2,8,1,4,+2,0,2,3,0,5,2,4,+1,1.0,0.0,0,0,0.0,0.0,1.0,0.0,0,0,0.0,0.0
NYE,VAL,2,8,3,6,+1,3,3,4,-1,10,3,6,0,13,2,6,+4,4,0,3,0,4,2,5,-1,2,7,4,0,1,8,5,-1,0,9,3,-2,2,4,3,-1,3,6,2,-1,5,8,5,+2,1.0,0.0,0,0.008,0.0,0.004,0.922,0.078,0.002,0,0.0,-0.0
NYE,VAL,3,4,5,4,+1,7,6,4,0,4,5,4,-1,7,6,4,0,0,6,3,-2,2,4,6,-2,2,5,4,0,5,2,5,0,8,5,4,+1,8,1,3,0,0,4,3,-1,4,4,6,+2,0.505,0.093,0,0.009,0.022,0.311,0.62,0.358,0,0,0.022,-0.022
NYE,VAL,4,8,4,7,-1,7,6,6,+1,6,3,7,0,10,4,7,+1,1,3,5,-1,6,4,7,0,4,7,8,-2,4,7,7,0,5,9,6,0,6,5,6,+3,0,6,6,-1,4,5,9,0,1.0,0.0,0,0,0.0,0.0,1.0,-0.054,0,0.016,0.054,-0.054
NYE,VAL,5,6,0,5,+1,6,2,4,-1,7,4,4,0,15,2,4,+3,3,1,4,0,4,3,5,+1,1,5,5,-2,2,6,4,-1,1,9,3,-2,4,7,3,0,2,7,4,-1,2,8,4,+2,0.53,0.47,0,0,-0.0,0.0,0.317,0.683,0.014,0,-0.0,0.009
 SHD,BOS,1,6,3,4,-1,11,0,4,+3,7,3,3,0,4,3,3,+1,0,2,3,0,7,4,2,-1,4,4,3,0,3,6,4,0,2,8,2,-2,2,6,2,0,1,5,2,0,1,7,3,0,0.0,2.476,2.476,2.476,-2.476,3.0,0.454,-0.018,0,0,0.565,-0.565
 SHD,BOS,2,16,4,9,+5,10,8,6,-1,12,10,8,-1,8,5,9,0,7,4,5,-1,12,7,7,+2,8,11,6,+2,9,10,7,+1,5,13,6,-5,1,14,4,-1,6,9,5,-1,9,9,7,0,0.0,5.994,5.994,5.994,-5.994,5.994,1.0,-0.006,0.47,0.002,0.006,-0.003
 SHD,BOS,3,11,4,8,+2,10,6,9,+2,16,7,8,+2,8,3,10,+3,1,5,5,-2,11,6,8,+3,9,8,6,+1,4,9,5,-1,4,14,4,-7,6,9,4,0,2,9,4,-2,6,7,10,-1,0.0,6.0,6.0,6.0,-6.0,6.0,0.677,0.281,0,0.034,-0.024,0.032
 SHD,BOS,4,11,1,6,+2,2,2,4,+2,4,6,4,-3,5,1,5,+1,5,0,3,0,3,2,4,+1,0,4,3,0,3,4,5,+1,1,8,4,-4,3,6,3,+1,2,4,3,-1,1,5,4,0,0.0,5.609,5.609,5.609,-5.609,5.609,1.0,-0.018,0,0,0.018,-0.009
HOU,HZS,1,11,3,4,-2,5,3,3,-1,9,0,3,0,11,3,4,-2,3,3,2,0,0,4,3,-3,5,5,5,+1,5,5,5,+1,4,8,2,+3,2,7,2,+1,1,8,1,-1,1,8,2,0,0.0,0.0,0,0,0.0,0.868,0.0,0.0,0,0,1.0,-0.5
HOU,HZS,2,9,8,11,+2,5,11,9,+1,11,11,9,0,9,8,11,+2,5,9,6,-2,6,8,7,+1,15,8,9,-2,9,12,9,-1,8,9,10,-3,12,8,7,+2,6,4,6,0,6,5,11,-1,1.0,-0.001,0.484,0.004,0.001,-0.001,1.0,-0.008,0,0.033,0.008,-0.005
HOU,HZS,3,8,2,5,+2,6,4,6,0,10,3,6,+2,9,3,5,+3,3,5,4,-3,9,4,5,+1,5,7,6,+1,4,9,5,-2,1,11,4,-4,7,6,6,+1,0,5,4,0,4,7,6,-1,0.964,-0.069,0,0,0.069,-0.016,0.343,0.332,0,0,0.004,0.155
HOU,HZS,4,0,3,2,-2,0,2,2,-1,2,4,2,-1,2,2,2,+1,0,3,2,-1,1,3,1,-1,4,1,2,0,6,2,3,+2,4,1,4,+3,0,1,1,0,1,0,1,0,2,0,2,0,0.946,0.054,0,0,-0.003,0.003,1.0,-0.016,0,0,0.016,-0.009
GLA,PAR,1,7,8,5,+1,5,7,8,-2,9,10,6,-2,6,4,6,+1,2,5,5,0,6,8,6,0,4,6,4,-2,4,7,7,0,6,7,5,-2,15,5,5,+4,7,5,4,+2,5,6,5,0,0.604,0.396,0,0,0.0,-0.0,0.604,0.313,0.124,0,0.082,-0.059
GLA,PAR,2,7,6,6,0,4,8,8,-1,3,12,6,-5,9,6,5,0,4,9,3,-3,3,8,7,-1,8,5,7,+2,5,6,7,+2,8,7,8,+1,15,3,6,+4,4,5,5,0,6,5,6,+1,1.0,0.0,0,0,0.0,0.0,0.929,0.071,0,0,-0.0,0.0
GLA,PAR,3,18,9,8,+2,9,12,10,0,8,13,7,-7,11,5,7,+2,3,10,6,-3,2,7,8,-1,7,11,9,+2,11,7,10,+2,10,10,10,+2,14,5,6,+3,5,9,6,-2,10,8,8,0,0.902,-0.081,0,0.035,0.081,-0.026,0.872,0.021,0.087,0.079,-0.021,0.119
GLA,PAR,4,9,9,8,-1,8,11,10,0,11,13,8,+4,17,5,9,+3,5,11,5,-1,9,9,8,-1,8,12,8,-2,6,13,9,-4,10,12,10,+1,13,6,8,+1,7,9,7,+1,14,8,9,-1,1.0,0.0,0,0.032,0.0,0.0,1.0,-0.017,0,0,0.017,0.005
PHI,DAL,1,3,6,2,0,2,5,2,-2,1,6,2,-2,1,4,2,-1,2,2,2,0,3,4,2,0,8,0,3,+1,7,3,3,+1,7,3,2,+3,4,2,2,+1,0,1,2,0,1,3,2,-1,0.666,-0.107,0,0,0.133,0.174,0.45,0.136,0,0,0.414,-0.414
PHI,DAL,2,9,8,8,+2,0,8,8,-1,5,12,5,-1,2,9,6,+1,0,7,5,-1,3,9,8,-2,14,5,8,+2,7,3,11,0,7,6,7,-4,12,0,7,+2,6,1,4,+1,7,4,8,+1,0.804,0.174,0,0.022,0.022,-0.013,0.48,0.52,0,0,0.0,0.0
PHI,DAL,3,12,4,7,+3,7,3,7,0,12,6,6,0,9,2,5,+1,5,4,6,+1,6,5,7,+1,5,7,7,0,0,11,7,-1,5,11,3,-4,4,8,4,-2,3,7,4,+1,8,7,6,0,0.586,0.401,0,0,-0.052,0.052,0.624,0.376,0.013,0.018,-0.12,0.12
PHI,DAL,4,13,13,5,+1,4,14,6,+1,2,16,5,-6,4,8,5,+1,2,9,4,-1,6,14,5,-3,16,4,6,+1,11,6,7,0,18,7,6,+1,7,6,7,+2,8,4,3,0,13,5,6,+3,0.946,0.006,0,0,-0.006,0.03,1.0,0.0,0.899,0,0.0,0.0
VAN,GZC,1,3,7,4,-2,2,6,6,0,3,9,3,-4,1,3,4,-1,3,5,2,-2,2,5,6,0,8,2,4,+1,8,3,6,+5,4,2,6,+2,8,0,6,+2,3,3,4,-1,3,4,5,0,0.144,0.684,0,0,0.171,-0.171,0.528,-0.01,0.518,0.017,0.01,0.297
VAN,GZC,2,2,1,2,+1,1,0,3,0,9,1,2,-1,4,0,2,+2,2,1,2,-1,1,1,3,0,0,2,3,0,0,3,2,-1,0,5,2,0,1,2,2,0,0,4,2,-1,3,3,2,+1,1.0,0.0,0,0,0.0,0.0,1.0,0.0,0,0,0.0,0.0
VAN,GZC,3,7,2,6,-1,4,1,7,0,7,6,7,-1,5,1,3,+3,3,0,4,0,5,2,6,-1,3,4,6,+1,2,6,5,0,2,6,4,-3,3,6,4,+3,0,6,3,-1,2,4,6,0,0.485,0.501,0,0,-0.01,0.015,0.612,0.093,0,0,0.074,0.126
VAN,GZC,4,13,9,7,+6,9,10,10,-1,13,13,11,-3,12,10,7,+2,6,9,6,-3,4,10,9,+1,12,8,10,+1,11,9,8,+2,12,12,10,-2,7,8,10,-1,5,12,6,-3,12,8,11,+1,0.972,0.027,0,0,0.001,-0.001,0.915,0.005,0.717,0.004,-0.005,0.047
VAN,GZC,5,7,5,8,0,10,6,9,+1,10,6,8,-2,8,6,4,+1,4,4,5,0,3,7,8,-1,8,8,6,-2,4,8,7,+1,5,7,7,+1,6,6,6,+1,7,6,5,0,2,7,8,0,0.415,0.11,0,0,0.254,-0.254,0.562,0.338,0.214,0,-0.001,0.099
CDH,FLA,1,7,6,7,-1,8,6,6,-1,10,6,7,-1,13,3,7,+3,1,3,6,0,4,5,7,-2,5,8,7,-1,6,9,5,0,8,8,5,+2,6,6,6,+2,3,4,4,-1,1,8,6,0,0.051,0.645,0,0,-0.645,0.645,0.322,0.368,0,0.048,0.31,-0.179
CDH,FLA,2,7,8,6,0,8,12,7,-1,7,12,7,-5,10,8,5,+3,3,10,5,0,3,6,7,-1,8,7,8,+3,8,7,8,+3,12,7,8,0,9,4,10,+2,3,6,5,-2,2,8,8,0,0.48,0.52,0.317,0.225,-0.52,0.52,0.996,-0.006,0.979,0.454,0.006,-0.006
CDH,FLA,3,8,0,4,+1,10,1,4,+3,2,1,3,0,13,0,2,+2,0,0,3,0,3,0,2,0,0,5,1,-1,0,6,2,-1,0,8,1,-2,0,5,1,-2,1,5,2,0,1,7,2,0,0.0,-0.644,0,0,0.644,-0.312,0.175,0.649,0,0.002,0.175,-0.106
CDH,FLA,4,9,11,7,-2,10,13,7,+2,6,13,5,-4,8,7,8,-1,1,8,7,-2,6,12,6,0,11,7,7,+4,11,4,8,+2,12,11,6,0,14,7,5,+1,7,5,4,+3,5,9,7,-3,0.401,-0.202,0,0.002,0.202,-0.092,0.651,0.296,0.134,0,-0.171,0.171
CDH,FLA,5,4,6,2,0,4,6,2,0,6,6,3,-3,4,6,2,0,1,4,2,0,2,4,4,-2,9,4,4,+1,7,4,6,+3,4,4,6,+1,2,5,4,-2,2,5,2,0,3,5,3,+1,0.0,0.347,0,0,-0.347,0.347,0.0,0.0,0,0,0.0,0.747
HZS,LDN,1,1,5,2,0,0,6,2,-3,0,7,2,-3,1,4,2,0,1,2,2,+1,1,6,3,-1,9,0,4,+2,4,3,3,0,5,1,4,+2,7,0,3,+1,2,0,2,0,3,0,3,+1,0.224,0.37,0,0,0.212,-0.212,0.0,1.0,0,0,0.0,0.0
HZS,LDN,2,5,4,6,+1,3,4,6,+2,3,8,6,-2,5,3,5,+1,2,5,5,-1,1,5,7,-2,8,3,8,+5,3,5,6,0,8,3,7,-1,6,2,5,0,0,6,4,-3,5,5,6,+1,0.686,0.314,0,0.004,0.0,0.002,0.492,0.508,0,0,0.0,0.0
HZS,LDN,3,1,5,2,-2,0,5,3,0,1,6,2,-2,3,3,3,+1,0,2,1,0,0,5,3,-2,8,0,4,+3,2,0,3,0,3,1,3,-1,7,1,2,+3,3,1,1,0,3,1,3,0,0.766,0.234,0.649,0.019,-0.0,0.01,0.35,0.649,0,0,0.0,0.0
HZS,LDN,4,10,2,7,+4,5,4,6,0,5,7,5,+1,11,4,6,+3,4,3,5,0,6,5,7,-2,3,7,7,-2,2,9,6,-4,4,10,6,-3,10,3,5,+1,1,4,5,0,5,9,7,+2,1.0,-0.004,0,0,0.004,-0.002,0.973,0.027,0.008,0.026,0.008,-0.008
NYE,HOU,1,11,2,4,+2,3,3,3,0,7,5,2,-2,7,2,4,+2,1,2,3,0,3,6,4,0,2,5,4,-2,7,5,5,-2,4,5,4,0,4,6,5,+2,0,5,3,0,3,7,3,0,0.103,0.603,0,0,0.294,-0.294,0.222,0.359,0,0,0.419,-0.419
NYE,HOU,2,14,0,5,+2,5,0,4,0,10,2,4,+1,6,0,3,+2,4,0,3,+1,6,0,4,+1,0,6,4,0,1,10,2,-4,0,10,3,-1,0,8,2,0,1,7,2,-2,0,4,4,0,0.99,0.01,0,0.013,-0.01,0.016,1.0,0.0,0,0,0.0,0.0
NYE,HOU,3,9,0,3,+2,5,0,3,0,6,0,4,+1,3,0,3,+1,1,1,2,0,2,3,2,-1,2,4,2,-1,0,4,2,0,0,6,1,-3,1,3,2,0,0,4,1,0,2,5,2,+1,0.346,0.654,0,0,0.0,0.0,0.968,-0.011,0,0.003,0.011,0.005
NYE,HOU,4,14,5,8,+2,8,4,5,-1,13,5,6,+2,6,6,6,+2,2,6,3,-2,7,4,7,+2,4,5,6,0,8,11,6,-4,5,11,4,0,5,6,5,+2,2,8,4,-2,5,8,7,-2,0.88,-0.124,0.654,0,0.124,-0.053,0.838,-0.172,0.163,0.014,0.172,-0.169
TOR,VAL,1,11,6,9,+2,7,7,8,+1,6,6,5,-1,8,4,6,+4,4,5,5,-2,5,4,7,+2,10,6,8,+1,4,8,9,0,3,12,7,-5,4,5,7,0,2,6,4,-2,5,6,8,0,0.651,0.336,0,0,-0.011,0.011,0.617,0.383,0,0.033,-0.0,0.0
TOR,VAL,2,17,14,12,+3,10,11,10,+1,11,15,10,-1,10,11,10,+1,6,7,8,0,7,12,10,-2,17,8,12,+4,11,10,13,-1,11,15,10,-5,18,6,9,+3,5,11,8,0,7,11,13,-1,0.997,0.003,0.284,0.004,-0.003,0.003,0.854,0.146,0,0.031,-0.03,0.034
TOR,VAL,3,12,8,11,-1,14,6,11,0,9,11,9,-1,19,4,9,+3,1,5,7,-2,4,5,9,0,9,10,8,+2,1,11,9,-2,6,10,9,0,12,8,6,+2,4,9,6,-1,8,11,12,0,0.755,-0.038,0,0.005,0.161,-0.138,0.648,0.227,0.06,0,0.12,-0.106
TOR,VAL,4,9,7,9,-2,10,9,8,-1,3,13,6,0,5,6,7,+1,6,7,5,-3,7,7,8,+5,6,11,6,-3,8,6,10,+1,7,9,8,-3,16,3,7,+3,5,5,6,0,6,5,10,+2,1.0,0.0,0.255,0.264,0.0,0.0,1.0,0.0,0,0,0.0,0.0
VAN,SFS,1,7,2,4,0,5,3,5,0,9,6,3,0,5,4,4,-1,0,2,2,0,3,3,5,-1,7,6,5,+1,3,2,5,+3,4,6,4,+2,4,6,3,-1,3,5,2,0,0,6,3,-3,0.0,1.0,0.457,0,0.0,0.0,0.0,0.157,0,0.079,0.018,0.404
VAN,SFS,2,14,9,14,-1,4,10,11,-2,5,15,12,-2,13,7,10,+3,5,9,8,-2,8,10,11,+4,16,9,13,+1,9,11,11,-1,13,10,12,-3,11,5,9,+3,7,8,8,+1,3,7,13,-1,1.0,0.0,0,0,0.0,0.001,0.993,0.007,0,0.139,-0.007,0.007
VAN,SFS,3,11,3,8,-1,9,5,8,-1,10,7,8,+2,8,2,7,+1,2,3,5,0,9,6,8,+5,7,9,8,-1,4,9,7,-2,5,9,7,-1,3,8,6,0,4,8,5,0,2,9,9,-2,0.991,0.001,0.023,0.034,-0.001,0.005,0.999,0.001,0,0.014,-0.001,0.008
VAN,SFS,4,15,7,13,+2,11,9,10,0,10,14,11,-8,16,7,9,-1,5,7,8,0,13,10,10,+4,10,10,11,+2,12,11,10,+2,7,14,10,0,11,11,7,+2,5,12,8,0,9,12,11,-3,1.0,-0.008,0.164,0,0.008,-0.007,1.0,0.0,0.012,0.008,0.0,0.0
WAS,PHI,1,5,5,5,-1,4,6,6,+2,4,5,4,-2,5,5,4,0,2,4,4,0,4,7,5,+1,10,4,6,+1,7,4,6,+3,4,5,6,-3,5,5,4,0,3,3,4,0,2,5,5,-1,0.65,0.35,0,0,-0.023,0.023,0.044,0.779,0,0,-0.008,0.014
WAS,PHI,2,6,5,6,+2,1,8,5,-1,4,7,5,-2,12,5,5,0,1,7,4,-2,3,7,7,0,15,6,6,+3,9,4,6,+3,8,6,7,+1,2,2,6,0,2,4,4,-3,3,5,7,-1,0.988,0.012,0,0,-0.012,0.012,0.755,0.245,0.003,0,-0.0,0.0
WAS,PHI,3,4,8,7,+2,1,10,6,-6,8,10,4,0,6,5,4,+2,2,8,3,-1,2,8,6,-2,13,2,6,+2,5,4,6,+1,9,4,6,-1,7,3,5,+1,3,3,4,-1,12,7,6,+3,0.709,0.291,0.011,0.228,-0.0,0.0,0.866,0.134,0,0,0.0,0.0
WAS,PHI,4,10,6,7,-1,7,8,6,0,8,9,5,+1,7,6,4,+2,2,9,4,-3,5,11,6,+1,11,5,6,+3,8,8,7,-1,8,10,8,-2,6,6,5,0,4,4,4,0,11,6,7,0,1.0,0.0,0,0,0.0,0.0,1.0,0.0,0.003,0,0.0,0.0
SEO,BOS,1,11,7,7,+1,4,6,7,-1,7,10,7,-2,13,4,6,+3,0,6,5,-1,5,6,8,+1,4,6,7,-1,5,9,8,-2,7,12,7,-2,13,7,7,+4,5,5,6,-1,6,4,6,+1,0.753,0.244,0,0,-0.017,0.019,0.729,0.271,0.025,0,-0.044,0.057
SEO,BOS,2,18,7,10,+2,18,7,10,+2,4,10,11,-1,7,6,12,0,5,10,8,-3,8,10,11,-2,12,7,9,+1,2,14,8,-1,10,12,9,+1,15,11,11,+2,3,8,8,-1,10,8,10,-3,0.811,0.015,0.11,0,-0.015,0.015,0.775,0.205,0,0.017,-0.003,0.013
SEO,BOS,3,12,4,9,+2,5,5,8,+2,11,5,10,+2,10,3,8,+1,4,4,5,-2,2,6,8,0,5,8,8,-1,4,8,8,0,7,12,6,-4,5,7,7,0,2,3,6,0,4,6,8,0,1.0,0.0,0,0,0.0,0.0,0.926,0.074,0,0.002,0.0,-0.0
SEO,BOS,4,6,4,7,0,6,4,7,0,5,14,6,-3,3,4,7,+1,5,11,5,-3,2,9,9,-2,10,3,7,+2,4,9,6,-2,11,8,6,-1,15,6,7,+3,6,4,5,+2,6,2,8,+1,0.901,-0.281,0,0,0.281,-0.278,0.907,-0.043,0,0,0.136,-0.136
FLA,GZC,1,4,4,3,+1,4,6,4,0,0,6,1,0,4,6,2,0,0,5,2,-1,1,5,3,0,8,2,2,+1,5,2,3,-1,7,3,3,+2,7,3,4,-1,2,1,2,-1,3,1,4,0,0.253,-0.009,0,0.012,0.009,0.737,0.234,0.193,0,0,0.0,0.572
FLA,GZC,2,9,3,5,+2,6,3,7,+1,7,3,8,+1,4,0,5,+1,2,1,4,0,7,2,5,+1,3,7,4,-1,2,4,6,+1,4,10,6,-2,2,5,7,0,0,6,3,-3,1,4,6,-1,0.28,0.7,0,0,-0.067,0.067,0.826,0.147,0,0,0.017,-0.017
FLA,GZC,3,0,4,3,0,1,4,3,0,2,5,2,-2,1,2,4,0,2,4,2,0,1,3,3,-1,7,1,3,+2,3,1,3,+1,3,1,4,+1,4,2,3,+1,3,2,2,-1,2,1,3,-1,0.598,0.366,0,0,0.036,-0.028,0.386,0.578,0.041,0,0.02,-0.012
FLA,GZC,4,5,4,9,0,6,5,8,+3,4,8,7,-2,5,4,9,0,10,4,5,+2,4,3,6,+2,9,6,8,-2,2,4,7,+1,5,13,6,-3,7,7,5,-1,2,4,7,+1,2,4,8,-1,0.628,0.372,0.207,0.437,-0.018,0.035,0.999,-0.015,0,0.478,0.015,0.008
FLA,GZC,5,2,5,5,+2,1,6,5,0,1,6,4,-2,3,5,4,+1,1,4,3,+1,1,5,5,-1,4,1,5,0,3,3,5,-3,7,2,4,0,9,2,5,+1,3,0,4,0,3,2,6,0,0.267,0.729,0,0.009,0.004,0.004,0.398,0.458,0.405,0.011,-0.007,0.157
SFS,HZS,1,4,6,4,-1,1,3,6,0,5,6,5,-4,4,7,5,-2,6,1,4,+1,4,3,6,+1,6,3,6,0,5,3,5,+2,2,6,5,-2,6,4,5,+4,5,3,4,+1,2,5,6,0,0.583,0.268,0,0,0.048,-0.048,0.689,0.311,0,0,0.0,0.0
SFS,HZS,2,3,4,5,0,2,6,4,-3,5,5,4,-1,1,2,4,0,3,5,3,-1,3,7,5,-2,10,3,4,+2,2,3,4,0,9,5,3,+5,4,1,3,+1,1,4,2,-1,3,1,5,0,0.981,0.019,0,0,-0.019,0.019,0.987,0.013,0,0,-0.013,0.013
SFS,HZS,3,9,6,10,0,11,8,9,-3,16,11,9,-1,9,6,9,+3,4,5,7,+2,3,6,10,-3,11,5,11,+2,5,12,9,-1,11,9,8,+3,11,9,7,+3,1,9,6,-2,3,8,9,-3,0.983,-0.051,0,0,0.051,-0.051,0.929,0.071,0,0.043,-0.071,0.093
SFS,HZS,4,6,3,6,-1,5,2,5,+1,15,2,7,+2,10,1,5,+3,7,4,3,-1,5,0,7,+2,3,10,5,-2,3,8,6,-2,2,10,3,+1,1,10,3,-1,0,5,4,0,3,7,6,-2,1.0,-0.045,0,0,0.045,-0.045,0.937,-0.147,0,0.018,0.147,-0.058
GLA,LDN,1,10,5,6,+4,5,6,7,-1,5,8,7,+2,9,3,5,0,1,5,5,-1,5,6,6,0,6,6,7,-3,5,8,6,-3,5,9,6,-1,9,4,5,0,2,3,5,0,5,5,6,+3,1.0,0.0,0,0.005,0.0,0.0,0.867,0.133,0,0.018,-0.016,0.024
GLA,LDN,2,12,5,9,0,6,8,9,-2,8,8,9,+4,10,6,9,-1,7,8,6,0,5,6,10,-2,9,9,11,0,5,10,8,-3,8,11,11,+1,11,6,9,+2,4,6,7,0,5,6,10,+1,1.0,0.0,0,0,0.0,0.0,0.714,0.14,0,0,-0.0,0.0
GLA,LDN,3,14,2,6,0,5,4,6,+1,3,8,4,-3,9,3,5,+1,5,5,5,-1,4,2,6,+1,5,7,6,+2,4,7,5,0,3,6,5,0,4,7,4,+1,4,6,5,0,4,7,6,-2,0.51,0.461,0,0,-0.015,0.036,0.34,0.637,0.004,0,0.011,-0.003
GLA,LDN,4,1,9,5,-3,0,10,5,-3,1,12,7,-2,1,5,3,-2,2,11,4,-3,3,4,7,-1,20,2,8,+8,5,1,7,+1,12,1,8,+3,20,2,8,+8,0,2,4,-1,8,1,6,+1,1.0,-0.009,0,0.022,0.009,-0.004,1.0,0.0,0.728,0,0.0,0.0
TOR,NYE,1,7,6,4,0,3,7,3,-1,4,11,3,+1,1,5,4,0,1,4,2,-1,3,5,5,-2,10,4,4,+3,5,3,4,-1,8,4,4,+2,8,4,5,0,3,2,3,-1,5,2,5,0,0.681,0.0,0,0,0.0,0.207,0.655,-0.002,0,0,0.002,0.172
TOR,NYE,2,6,10,8,-2,3,8,6,-4,2,10,6,-3,6,10,8,-2,0,4,5,0,5,7,7,+1,11,4,9,+1,3,4,6,+1,11,4,9,+3,7,4,8,+1,4,2,5,0,9,2,8,+4,1.0,-0.002,0.381,0,0.003,-0.003,1.0,0.0,0,0.002,0.0,0.001
TOR,NYE,3,2,8,4,0,1,8,5,+1,3,8,4,0,6,5,4,-1,1,6,3,-1,1,8,4,-3,10,2,6,0,12,2,4,+2,7,3,5,0,2,3,4,0,1,1,4,0,11,2,4,+2,0.87,0.13,0.003,0,-0.019,0.019,0.6,0.4,0,0,0.0,0.0
TOR,NYE,4,7,3,7,+2,5,3,7,+1,5,5,7,-2,13,3,6,+4,4,5,3,+1,3,1,7,0,5,6,7,0,1,8,6,-5,2,10,6,-4,5,6,7,0,1,2,4,0,4,6,6,+2,1.0,0.0,0,0,0.0,0.0,0.986,-0.012,0.025,0,0.012,-0.01
VAN,VAL,1,10,0,5,+1,5,1,4,0,5,2,3,0,4,1,2,+1,8,0,2,+1,2,2,3,0,2,6,2,0,1,7,4,+1,1,7,2,-1,1,4,2,0,2,6,2,-2,0,7,3,-1,0.508,0.492,0,0,-0.0,0.0,0.508,0.492,0,0,-0.0,0.006
VAN,VAL,2,7,4,9,+1,7,7,9,-2,6,9,10,+1,8,4,7,+2,9,6,6,-1,7,3,11,+1,7,7,9,+2,7,8,8,-3,5,10,8,-3,7,7,5,+1,2,5,6,0,4,7,9,+1,1.0,0.0,0.002,0,0.0,0.0,1.0,-0.016,0,0,0.016,-0.008
VAN,VAL,3,7,0,2,+1,4,0,2,+2,6,2,1,+2,5,0,2,0,1,0,1,0,2,1,2,+1,1,5,1,0,0,5,1,-3,1,5,1,-1,0,3,1,0,0,2,1,0,1,5,2,-2,0.153,0.813,0,0,0.003,-0.003,0.777,0.197,0.473,0.017,-0.013,0.013
VAN,VAL,4,6,8,6,0,4,7,6,0,5,13,6,-1,6,4,5,0,2,6,4,-2,6,8,7,-1,12,4,6,+2,8,6,7,+1,4,7,7,-2,6,4,5,+2,2,3,3,-1,10,5,6,+1,0.957,0.03,0,0,-0.03,0.03,1.0,0.0,0,0,0.0,0.0
 SHD,CDH,1,12,4,8,-1,11,4,7,+1,9,6,7,-1,6,1,8,+1,4,4,4,+2,7,4,7,+3,2,5,6,+1,3,9,7,-1,7,13,6,-5,9,6,6,+1,1,10,4,-1,2,7,8,0,0.0,6.0,6.0,6.0,-6.0,6.0,0.3,0.7,0.004,0,-0.696,0.696
 SHD,CDH,2,11,7,4,+2,4,4,7,-1,4,10,3,+1,6,4,7,0,3,4,4,0,3,6,6,0,8,1,7,0,10,6,8,+1,5,6,7,0,7,6,4,-2,2,7,4,-2,3,5,8,+1,0.0,6.0,6.0,6.0,-6.0,6.0,0.0,0.276,0,0.209,-0.276,0.276
SHD,CDH,3,8,6,8,-2,12,6,7,-1,12,10,6,-1,8,6,8,-2,4,9,4,-2,11,5,8,+1,16,9,9,+7,16,9,9,+7,7,16,7,-1,3,6,11,0,4,11,7,-2,2,10,8,0,0.584,-0.584,0,0,1.164,-1.164,0.116,0.269,0,0.007,-0.269,0.278
 SHD,CDH,4,10,5,4,+7,6,5,4,0,9,7,4,-1,16,2,4,+1,4,2,4,0,5,6,4,+1,4,9,5,-1,10,12,6,-2,2,9,4,-1,5,7,6,-1,0,7,5,-2,5,6,3,-1,0.0,2.241,2.241,2.241,-2.241,4.093,0.0,-0.52,0,0,0.52,0.262
PAR,ATL,1,2,9,3,-1,4,7,4,-3,2,10,3,-3,5,5,4,-1,0,6,3,-1,4,9,3,+1,9,5,3,0,7,3,5,+2,8,3,4,+4,9,1,4,+1,4,2,3,+2,9,3,3,-1,0.339,0.516,0,0,0.08,-0.08,0.339,-0.359,0,0,0.359,-0.29
PAR,ATL,2,5,12,6,-4,2,11,8,-2,3,14,5,0,6,5,5,+2,2,9,5,0,5,12,7,-1,18,3,8,+5,9,3,8,-1,11,6,10,-3,12,3,8,+2,4,3,5,+1,9,5,7,+1,1.0,-0.005,0,0,0.005,-0.005,1.0,0.0,0,0,0.0,0.0
PAR,ATL,3,6,6,2,-1,1,4,2,-1,1,4,1,0,2,3,2,0,0,5,2,-4,1,6,3,0,4,1,4,0,4,1,4,0,6,2,2,0,2,1,3,0,1,2,3,0,3,3,2,+1,0.645,-0.328,0,0,0.328,-0.211,0.112,-0.533,0,0,0.859,-0.415
PAR,ATL,4,10,12,8,0,4,13,10,-3,11,16,10,+3,10,8,8,+1,8,13,7,-3,10,11,9,0,16,10,10,-2,10,8,10,+1,7,12,11,+2,10,5,10,0,14,10,8,-1,13,10,9,+2,1.0,0.0,0,0.023,0.0,0.012,1.0,-0.08,0,0,0.08,-0.06
FLA,HOU,1,8,10,6,0,1,11,6,0,7,10,5,-4,4,5,7,-1,1,9,4,+1,6,10,6,-1,13,3,8,+3,12,5,7,+1,10,6,6,+3,6,5,6,0,8,3,5,0,4,8,6,-2,0.507,0.432,0,0,-0.336,0.346,0.604,-0.06,0,0,0.227,-0.227
FLA,HOU,2,11,8,9,0,9,9,8,-1,12,11,9,-4,11,8,9,0,12,11,5,+1,3,11,11,-2,16,14,8,-1,5,13,8,-2,7,13,8,0,18,7,9,+4,6,11,5,+2,7,9,7,+1,0.994,0.005,0.788,0.714,-0.005,0.006,0.996,0.004,0.961,0.351,-0.004,0.005
FLA,HOU,3,6,8,6,+1,7,11,6,-5,9,9,7,+1,10,7,5,+2,5,9,3,-1,6,9,6,-1,11,8,6,0,14,6,6,-1,11,8,5,+4,5,4,7,0,6,10,4,+1,6,7,6,-1,0.369,0.322,0,0.042,0.299,-0.29,0.584,0.058,0.365,0.259,0.009,-0.002
FLA,HOU,4,9,3,5,0,10,4,6,+3,8,6,6,+1,12,4,6,+2,2,3,4,0,6,6,5,0,10,7,5,0,2,12,4,-5,3,7,4,-2,4,7,5,+3,1,8,4,-1,4,6,5,-1,0.764,0.236,0.4,0.4,-0.031,0.041,1.0,0.0,0.031,0.066,0.0,0.016
SFS,WAS,1,4,7,9,-1,3,8,9,0,15,9,7,+2,9,6,6,+1,3,7,5,0,2,6,8,-1,15,4,9,+2,3,7,8,-1,10,10,10,-1,6,8,6,+1,4,5,5,-2,4,4,9,-2,0.563,0.395,0,0,-0.008,0.008,0.613,0.387,0,0,0.0,0.0
SFS,WAS,2,7,2,7,+1,5,3,6,-1,6,3,6,-2,8,1,5,0,4,1,5,+2,9,1,7,+3,2,9,5,0,1,5,6,+1,1,9,5,-3,4,6,6,+2,1,4,5,-2,2,8,6,-1,0.9,0.1,0,0,-0.0,0.0,0.937,0.063,0,0,-0.0,0.0
SFS,WAS,3,7,0,4,+2,1,0,3,0,12,1,3,+2,7,0,2,+2,1,0,2,0,5,0,3,+1,0,6,2,-1,1,6,2,-1,0,6,2,-2,0,5,3,-2,0,4,2,0,0,6,2,-1,1.0,0.0,0,0,0.0,0.0,1.0,0.0,0,0,0.0,0.0
SFS,WAS,4,14,2,7,+3,8,3,6,0,13,5,7,+1,10,3,4,+2,6,3,3,+2,7,3,5,-1,2,13,4,-3,7,9,6,+1,4,11,4,-3,2,7,4,+1,1,8,3,-3,2,10,5,0,1.0,0.0,0,0,0.0,0.0,0.989,-0.016,0,0,0.016,-0.003
 SHD,DAL,1,2,7,5,-1,3,6,6,+1,1,6,5,-2,7,5,5,+2,1,6,4,0,1,4,6,-1,4,2,6,-1,4,2,5,0,6,4,5,0,8,1,5,+1,5,2,3,+1,6,4,5,0,0.0,6.0,6.0,6.0,-6.0,6.0,0.382,0.619,0,0.048,0.0,0.0
 SHD,DAL,2,11,4,7,+1,12,1,8,+4,9,9,8,+2,12,1,8,+4,5,3,4,+1,4,6,9,-1,12,9,7,0,1,9,9,0,7,12,6,-3,6,8,5,0,0,5,4,-1,2,8,6,-1,0.0,6.0,6.0,6.0,-6.0,6.0,0.802,0.198,0.054,0.293,-0.0,0.0
 SHD,DAL,3,14,3,8,-1,5,9,8,0,9,12,7,-3,6,5,8,+2,11,3,6,+1,5,5,8,0,9,9,8,0,5,7,11,+1,8,12,8,+1,5,7,11,+1,2,5,5,0,10,9,8,+1,0.0,6.0,6.0,6.0,-6.0,6.0,0.792,0.184,0.577,0,-0.022,0.035
 SHD,DAL,4,13,8,7,0,5,6,6,+2,6,13,7,-2,5,6,6,+2,7,7,3,-1,6,9,8,0,9,12,6,-1,7,11,6,-4,14,14,5,0,10,4,8,+1,6,6,4,+2,7,7,6,+1,0.0,5.939,5.939,5.939,-5.939,5.969,1.0,-0.005,0.995,0,0.005,-0.003
 SHD,DAL,5,5,6,5,0,1,6,4,-1,6,8,5,0,3,5,3,0,3,5,4,0,2,8,4,0,11,2,4,0,3,4,6,-1,3,6,4,-3,7,3,4,+4,7,0,4,0,6,5,4,+1,0.0,6.0,6.0,6.0,-6.0,6.0,0.571,0.429,0.051,0,-0.0,0.0
BOS,TOR,1,0,7,3,-2,3,7,4,-2,4,7,5,0,5,6,2,+2,1,5,3,-1,2,5,4,+1,9,2,6,0,4,3,4,+1,7,3,4,-1,10,3,4,+1,3,3,3,+1,3,1,4,0,0.976,-0.006,0,0,0.006,0.009,0.951,-0.002,0,0,0.002,0.024
BOS,TOR,2,6,10,7,0,6,12,8,-3,5,11,7,0,12,10,6,+4,4,10,6,-1,2,7,8,-1,11,4,8,+2,8,6,8,-1,14,9,6,-5,15,5,8,+4,3,6,5,0,11,4,9,+1,0.982,0.015,0,0.009,-0.015,0.021,1.0,0.0,0,0,0.0,0.0
BOS,TOR,3,10,7,6,+1,6,10,8,+1,10,8,8,+2,12,6,8,+1,4,7,6,-2,5,10,7,-1,11,9,8,-1,7,7,8,+1,11,13,7,-3,11,9,8,-1,3,4,6,-1,7,8,8,0,0.965,-0.002,0,0,0.002,0.002,0.872,0.128,0.004,0.004,-0.0,0.001
BOS,TOR,4,8,7,8,-1,6,13,8,-2,10,10,10,0,10,10,7,+2,2,9,5,-5,4,9,9,0,11,5,11,+4,8,10,8,-3,5,11,7,0,19,5,8,+6,3,3,6,0,10,6,10,-1,0.992,0.008,0,0,-0.008,0.008,0.996,0.004,0,0,-0.004,0.004
HZS,GLA,1,7,5,6,+1,10,7,8,0,7,7,5,-1,11,6,8,-1,6,4,4,+1,1,6,6,+1,8,11,5,+3,5,10,6,-2,7,10,7,-4,6,5,5,0,7,6,5,+1,2,1,8,+1,0.595,0.405,0,0,0.0,-0.0,0.595,0.359,0,0.015,0.046,-0.046
HZS,GLA,2,10,11,8,+2,1,12,7,-2,9,11,8,-1,14,9,6,+5,3,8,5,-2,6,9,8,-1,14,5,8,+4,5,10,9,-4,11,9,8,-1,14,4,7,-1,5,7,6,0,13,6,9,+2,1.0,-0.032,0,0,0.032,-0.016,1.0,-0.03,0,0,0.03,-0.015
HZS,GLA,3,12,5,7,-1,5,7,8,+2,9,4,5,+2,8,6,7,-1,5,5,4,-1,6,5,9,+2,12,8,6,+4,5,7,5,+1,4,11,4,-5,3,8,7,-1,1,7,6,-1,7,9,8,-1,0.667,0.31,0,0.023,0.022,-0.022,0.465,0.335,0,0.064,-0.005,0.199
HZS,GLA,4,9,1,5,+1,7,1,3,+1,9,2,4,+2,1,1,4,0,3,0,2,0,3,2,3,+1,5,5,3,+1,1,6,3,-1,0,6,3,-3,0,6,3,0,0,5,3,-1,1,4,4,-1,0.921,0.079,0,0,-0.079,0.079,1.0,0.0,0.041,0.007,0.0,0.0
VAL,GZC,1,2,6,5,0,2,8,6,0,5,8,6,-4,5,3,4,+2,0,6,3,-1,3,6,4,-1,2,4,4,-2,6,3,6,0,7,4,4,+2,7,2,5,+1,8,1,3,+2,5,4,5,0,0.253,0.747,0,0.006,0.0,0.0,0.467,0.533,0,0,0.0,-0.0
VAL,GZC,2,8,3,7,+2,2,8,8,+2,3,10,8,-6,1,6,5,-1,3,5,3,-2,4,9,8,-1,7,5,7,+1,8,3,6,+2,9,5,7,+1,6,1,6,-1,3,3,3,0,8,4,9,+3,1.0,0.0,0.001,0,0.001,-0.001,1.0,0.0,0.341,0,0.0,0.003
VAL,GZC,3,12,5,8,+2,3,7,8,+1,3,10,7,-2,1,6,3,0,2,6,4,-1,2,7,7,-2,6,5,7,+2,5,3,8,0,9,3,8,+1,7,6,5,-2,2,3,4,-1,12,3,8,+2,0.899,0.101,0.001,0,-0.0,0.0,0.799,0.201,0.036,0.008,-0.0,0.0
VAL,GZC,4,8,7,9,0,8,6,10,0,8,7,10,+1,11,8,8,+4,5,5,5,-2,8,7,8,-3,7,9,9,0,4,10,9,+1,7,10,7,-1,4,5,7,+2,3,8,7,-2,11,7,10,0,0.855,0.145,0,0,0.0,-0.0,1.0,-0.012,0,0,0.012,-0.004
NYE,SEO,1,4,2,5,0,2,1,3,-1,8,2,5,+4,6,1,3,+1,5,0,3,+1,5,0,3,0,6,3,3,+1,0,6,4,-2,0,8,3,0,1,4,4,-1,0,6,3,-3,1,4,4,0,1.0,0.0,0,0,0.0,0.0,0.97,0.03,0,0,-0.03,0.03
NYE,SEO,2,9,3,4,+2,5,4,3,+3,7,6,4,+1,3,5,2,0,0,2,2,-1,3,3,4,-1,7,3,4,+1,1,8,3,-4,2,4,4,+1,1,4,3,-2,5,4,2,-1,7,5,4,+1,0.49,0.283,0,0,0.219,-0.106,0.664,0.081,0,0,-0.081,0.081
NYE,SEO,3,5,1,3,+2,1,3,2,-1,1,3,4,-1,3,0,3,0,1,1,2,0,2,2,4,+1,4,2,3,0,2,4,3,-1,0,3,2,-1,1,1,3,0,2,1,2,+1,1,2,4,0,0.381,0.619,0,0,-0.017,0.017,1.0,-0.012,0,0,0.012,-0.009
NYE,SEO,4,10,4,6,-1,5,2,6,+1,9,4,7,+2,8,3,6,0,6,2,5,0,3,2,5,0,3,9,3,-2,2,5,6,-1,2,9,6,-1,6,5,5,+2,3,6,4,-1,1,7,6,+1,1.0,0.0,0,0,0.0,0.0,0.972,0.028,0,0.011,-0.028,0.034
ATL,GLA,1,4,5,5,+3,3,4,4,0,2,7,5,-4,1,5,3,0,0,5,3,0,1,6,4,+1,12,1,5,+2,0,2,5,-1,5,3,4,0,5,1,4,0,1,3,2,-1,9,1,5,0,1.0,-0.027,0,0,0.027,-0.014,1.0,0.0,0,0,0.0,0.0
ATL,GLA,2,7,11,8,-2,9,6,7,0,5,10,7,-2,7,6,6,-1,6,6,6,+1,5,8,8,-2,9,7,8,0,4,8,7,0,11,8,6,+1,11,3,6,+3,7,6,5,0,4,7,7,+2,0.976,0.009,0,0.007,-0.009,0.026,1.0,0.0,0,0.008,0.0,0.001
ATL,GLA,3,4,9,5,-1,1,11,7,-1,1,10,5,-2,3,4,5,0,2,8,5,0,2,10,6,-1,11,3,6,+1,5,1,6,0,16,3,7,+2,9,2,8,+1,7,2,4,0,4,2,6,+1,0.716,-0.228,0,0,0.267,-0.178,0.618,0.106,0,0,0.276,-0.276
ATL,GLA,4,6,5,5,0,6,6,5,+2,4,12,6,-2,4,8,6,0,4,8,3,0,3,10,5,-2,11,4,5,+1,5,5,6,-1,11,6,7,0,9,2,4,+3,4,6,3,0,2,5,6,-1,0.979,0.006,0,0,-0.006,0.01,1.0,0.0,0,0,0.0,0.0
VAL,PHI,1,6,4,4,+1,2,6,4,-3,0,6,4,-2,2,3,3,+2,0,6,2,-2,2,4,4,0,6,1,4,+2,5,2,5,0,6,3,3,0,4,1,3,0,3,3,3,-1,5,2,4,+3,0.38,0.62,0,0,0.0,0.0,0.38,0.62,0,0,0.0,0.0
VAL,PHI,2,7,9,9,-2,6,9,7,+1,10,10,6,-2,7,4,6,+1,5,5,5,-1,4,8,8,0,10,6,7,+1,3,7,8,+1,9,9,10,+1,7,6,7,+2,7,5,5,-2,6,8,7,0,0.602,0.398,0,0.003,-0.0,0.0,0.755,0.245,0,0,-0.0,0.0
VAL,PHI,3,6,6,7,+3,13,4,7,+1,8,4,5,0,7,2,6,+2,2,2,5,-1,6,5,6,+1,5,8,6,+2,4,9,6,-2,2,13,5,-7,9,2,7,+2,2,3,5,-1,1,7,7,0,0.474,0.526,0,0,0.0,0.0,0.435,0.454,0,0.052,0.074,-0.074
VAL,PHI,4,8,4,5,-2,8,2,7,0,7,5,5,+1,4,2,5,0,5,4,3,-1,7,3,5,+1,3,4,6,+1,5,7,6,0,5,9,6,+2,3,4,6,+1,1,5,3,-1,4,7,5,+1,0.97,0.03,0,0,-0.03,0.03,1.0,0.0,0.626,0.024,0.0,0.0
VAL,PHI,5,8,6,8,+1,3,11,8,-3,2,11,7,-2,8,6,4,+3,2,9,3,-3,2,7,7,-1,12,4,7,+4,11,5,6,+2,10,8,7,-1,5,2,6,0,0,3,6,-1,9,4,7,+1,0.669,0.302,0,0,-0.104,0.119,1.0,-0.033,0,0.004,0.033,-0.033
TOR,CDH,1,13,7,8,+1,3,6,9,-1,8,10,6,-1,10,4,5,+2,3,6,6,0,3,3,9,-1,10,6,8,+1,7,10,8,0,8,5,10,0,3,5,7,0,1,7,5,-1,6,8,8,0,0.211,0.676,0,0,0.112,-0.055,0.0,0.789,0,0,-0.789,0.789
TOR,CDH,2,1,1,2,0,3,1,2,+1,4,1,1,+2,3,1,2,+1,4,1,1,+2,4,1,2,+2,0,2,2,0,3,5,1,-3,0,7,1,-3,2,1,1,-1,0,3,1,0,1,1,2,-1,1.0,-0.011,0.989,0,0.011,-0.011,0.435,-0.021,0,0.018,0.021,-0.021
TOR,CDH,3,8,10,8,+2,4,7,7,-1,4,12,4,-3,3,12,5,-1,2,9,4,-2,8,8,7,-1,14,5,8,+1,15,8,8,+4,9,3,10,+2,11,5,7,+1,1,5,9,-1,6,7,6,-1,0.081,0.719,0.009,0,0.167,-0.068,0.091,-0.212,0,0,0.212,-0.046
TOR,CDH,4,15,10,6,+1,4,8,7,+1,10,11,6,-1,13,7,5,+3,6,6,5,-3,6,8,8,-2,15,12,9,+4,15,11,8,+1,3,10,8,-4,5,8,9,-1,4,6,7,-1,8,7,8,+2,0.346,0.654,0.097,0,0.0,-0.0,0.141,-0.112,0.06,0,0.112,0.316
PAR,VAN,1,6,10,8,0,5,11,8,-1,8,10,6,+2,8,10,8,+2,8,9,7,0,5,9,9,+2,16,7,9,-1,8,8,9,-3,3,14,7,-5,12,2,6,+3,7,5,6,0,8,4,8,+1,0.574,0.13,0,0,0.148,-0.141,0.669,0.031,0,0,0.2,-0.198
PAR,VAN,2,2,12,9,-2,4,14,6,-2,8,11,8,+2,10,9,6,+1,3,13,5,-2,4,11,9,0,15,5,9,+2,10,6,9,-3,11,6,8,+3,15,4,8,+3,6,3,4,-1,11,8,9,-1,0.943,0.055,0,0.004,-0.002,0.017,1.0,0.0,0,0,0.0,0.0
PAR,VAN,3,9,7,6,+1,5,9,7,-3,5,10,5,-2,4,10,7,0,2,11,5,-1,4,13,7,-3,9,3,7,0,11,6,7,+2,9,8,7,+1,16,1,6,+4,6,5,5,0,9,5,7,+1,1.0,0.0,0,0,0.0,0.0,0.989,-0.007,0,0,0.007,-0.007
PAR,VAN,4,2,13,7,-1,4,14,7,-5,4,15,7,-2,9,12,6,+3,6,12,6,0,3,15,7,-1,16,2,10,+3,10,4,7,-1,13,9,11,-2,11,4,7,+2,7,6,5,0,17,5,8,+4,0.98,0.02,0.01,0.014,-0.02,0.035,1.0,-0.013,0,0,0.013,-0.009
NYE,SFS,1,6,4,5,+4,3,4,7,0,5,6,4,-3,8,4,5,+1,3,4,4,0,10,4,6,+3,9,3,7,+1,3,6,6,0,4,6,5,-2,3,9,6,0,2,5,3,-3,5,7,5,-1,1.0,0.0,0,0,0.0,0.0,0.994,0.006,0,0,-0.006,0.006
NYE,SFS,2,8,5,12,+3,6,5,7,+1,7,9,9,-2,6,5,7,+1,4,3,6,-2,11,4,9,+2,9,6,10,-2,2,8,9,-3,10,10,8,+1,8,8,8,0,1,4,7,0,3,7,11,+1,0.997,0.003,0,0.006,-0.003,0.003,1.0,0.0,0,0,0.0,0.0
NYE,SFS,3,12,5,10,-1,6,7,8,0,9,11,7,-5,15,8,8,-1,5,2,7,0,11,7,11,+3,9,7,10,+3,1,11,8,-2,5,14,8,-1,8,9,8,+2,3,10,6,+1,9,9,9,0,0.851,0.149,0.005,0.003,0.0,0.0,0.964,0.036,0,0,-0.036,0.036
NYE,SFS,4,11,4,10,+3,3,5,7,-3,9,6,8,-1,8,4,7,+3,4,4,6,0,7,5,8,+3,8,5,7,+2,5,7,7,-1,5,10,6,-1,7,5,5,+1,0,9,4,-4,3,6,8,-2,1.0,0.0,0,0.01,0.0,0.005,0.944,0.047,0,0,-0.047,0.047
DAL, SHD,1,7,8,7,0,3,8,7,-2,13,10,7,0,6,5,7,+1,7,4,5,+1,3,6,7,-3,7,7,6,0,4,8,8,0,8,11,7,+1,14,6,6,+3,5,3,4,0,3,4,8,-1,0.459,0.494,0.384,0,0.047,-0.023,0.0,5.564,5.564,5.564,-5.564,5.782
DAL, SHD,2,11,4,6,+2,11,5,5,+2,10,6,5,+3,7,5,7,0,4,4,4,-1,9,4,5,-1,8,8,5,+3,1,12,4,-3,5,14,5,-5,3,3,5,0,7,5,3,0,5,10,5,0,1.0,0.0,1.0,0,0.0,0.0,0.0,6.0,6.0,6.0,-6.0,6.0
DAL, SHD,3,9,4,9,+1,4,2,7,+1,7,5,6,-2,15,3,6,+1,4,2,5,+1,10,2,8,+2,8,8,6,+2,3,11,6,-2,2,11,6,-3,3,7,6,-2,2,4,5,+1,1,8,7,0,0.99,0.01,0,0.001,-0.01,0.01,0.0,6.0,6.0,6.0,-6.0,6.0
DAL, SHD,4,13,11,7,+2,6,11,8,+1,7,14,8,-6,8,7,10,-2,9,5,4,+2,10,11,9,0,16,10,8,+1,6,9,8,-2,13,13,7,-1,11,3,10,+3,2,8,3,0,12,10,8,+2,1.0,0.0,1.0,0.006,0.0,0.003,0.0,6.0,6.0,6.0,-6.0,6.0
VAL,HOU,1,7,5,5,+2,8,10,6,-1,7,9,4,+1,12,5,5,+4,3,8,3,0,7,8,8,0,14,9,8,+2,6,10,7,-4,12,8,7,0,7,5,9,0,4,4,3,0,1,8,6,-4,0.329,0.671,0,0.032,0.0,0.006,0.39,-0.041,0.349,0,0.041,0.57
VAL,HOU,2,9,7,8,+1,4,9,11,-3,12,10,11,+2,13,6,9,-2,4,8,5,-2,10,11,9,-1,9,9,10,+1,7,10,10,0,8,11,9,+2,13,7,8,+2,8,8,5,0,6,7,9,0,0.917,0.083,0,0.006,-0.008,0.008,1.0,0.0,0,0,0.0,0.0
VAL,HOU,3,11,9,8,+2,12,11,9,-1,11,10,10,+2,11,6,8,+3,8,9,5,+1,10,10,8,0,6,11,9,-2,7,10,10,-3,8,13,9,-1,7,10,10,-3,10,6,6,+1,9,13,8,-2,0.673,0.327,0,0.036,-0.006,0.007,0.963,0.037,1.0,0.001,-0.037,0.038
VAL,HOU,4,7,5,7,-1,7,7,8,+1,5,9,5,+1,4,5,3,0,1,7,3,-1,11,9,5,+1,8,7,6,0,5,9,5,-1,9,10,5,+2,5,2,7,-1,11,4,3,0,4,2,6,-1,0.963,0.037,0,0.001,0.0,-0.0,1.0,0.0,1.0,0.001,0.0,0.0
SEO,WAS,1,8,1,5,+1,4,2,5,+1,5,2,5,+2,1,2,4,-1,2,3,4,-1,8,0,5,+1,2,5,5,+1,2,6,4,-2,3,6,3,-1,2,4,5,+1,0,4,3,0,1,3,4,-2,SEO,WAS,2,13,5,7,+5,5,5,6,+1,6,7,8,-2,11,3,5,+1,9,4,4,-2,7,4,7,+4,7,8,7,-1,5,8,6,0,6,14,6,-7,4,10,5,0,1,3,4,+1,6,8,6,0,SEO,WAS,3,9,3,7,+2,6,5,7,-1,5,6,7,-3,7,4,6,+3,5,2,4,0,4,4,5,-1,2,9,6,-2,8,8,6,+2,5,9,6,-3,6,3,7,+3,1,3,5,+1,2,4,7,-1,SEO,WAS,4,7,7,8,-1,3,7,7,-4,5,11,8,-5,11,6,7,+3,5,7,6,+2,5,8,7,+1,18,7,7,+1,5,8,8,-2,7,6,10,+3,7,6,6,0,4,4,6,+1,5,5,8,+1,GZC,GLA,1,11,2,5,0,2,3,4,-2,3,3,4,-1,14,0,5,+3,6,1,3,-1,4,1,6,+1,2,6,3,-1,3,10,5,+1,2,8,2,+1,1,5,3,+1,2,8,3,-2,0,4,5,0,0.0,0.539,0,0,0.0,0.0,0.396,0.599,0,0.482,0.005,-0.003
GZC,GLA,2,3,2,10,0,7,6,9,0,5,11,6,-6,4,5,8,0,7,5,7,+1,8,4,9,+1,9,4,9,+2,4,7,9,+3,2,7,8,-2,11,4,8,+2,2,7,7,-1,5,5,9,0,1.0,0.0,0,0,0.0,0.002,0.986,0.014,0,0.012,-0.014,0.016
GZC,GLA,3,3,6,7,0,6,6,6,+1,10,5,6,+1,1,3,6,+1,2,6,4,-1,2,7,7,-2,12,3,9,+2,3,5,7,-1,5,6,5,-2,3,1,8,0,4,6,5,-1,6,3,8,+2,0.796,0.188,0.004,0.001,0.0,0.013,0.619,0.381,0,0.062,-0.067,0.067
GZC,GLA,4,7,6,9,0,7,6,7,-1,5,10,6,-2,6,6,6,+2,7,5,7,-1,8,3,8,+2,14,6,9,+1,1,7,10,+1,6,11,9,-1,4,3,9,0,4,8,5,0,5,6,7,-1,0.985,-0.012,0,0,0.015,-0.015,1.0,0.0,0,0,0.0,0.005
HZS,TOR,1,9,5,5,0,1,8,5,-3,9,4,6,0,5,7,6,+3,8,4,4,+2,4,3,5,0,6,7,5,-2,2,6,6,+1,10,9,5,-1,5,8,6,-2,5,5,4,+2,3,2,6,0,0.593,0.393,0,0.015,0.014,-0.014,0.593,0.399,0,0,0.008,-0.004
HZS,TOR,2,6,8,6,+1,4,11,7,-1,3,8,7,-4,8,12,6,-1,2,8,5,-1,4,10,7,+1,19,4,8,0,12,3,6,+3,6,9,3,-1,6,5,8,+3,4,5,4,0,10,1,6,0,0.726,0.003,0,0.008,-0.003,0.14,0.995,-0.001,0.994,0,0.001,0.001
HZS,TOR,3,8,6,6,+1,4,8,7,-3,8,6,7,0,10,7,7,+1,1,8,5,-2,5,7,7,-1,11,9,7,0,3,8,8,-1,8,10,8,+1,11,7,5,+4,0,2,6,0,6,2,8,0,0.747,0.253,0,0.011,-0.0,0.0,0.692,0.292,0.009,0,0.006,0.002
HZS,TOR,4,9,8,7,0,3,12,6,-2,9,13,5,-2,7,11,7,-2,4,8,4,-2,4,10,7,+2,9,5,9,0,6,6,7,+1,17,7,8,-1,9,7,7,+2,4,5,3,0,13,5,7,+3,1.0,0.0,0,0.014,0.0,0.007,0.998,-0.004,0,0,0.004,0.004
PAR,SFS,1,2,6,6,-1,0,5,6,-2,5,5,4,+3,6,4,6,+2,4,6,4,-1,2,6,5,0,5,3,7,0,6,2,6,+1,6,5,4,0,7,3,4,0,2,3,4,-1,4,5,5,-1,0.496,0.504,0,0,0.0,0.016,0.496,0.504,0,0,0.0,0.0
PAR,SFS,2,5,9,7,-2,2,10,7,-1,0,12,5,-4,2,7,6,+1,2,9,6,0,1,10,6,0,14,2,9,+1,9,1,8,0,14,3,10,+1,12,2,8,+3,1,2,5,-1,7,1,7,+2,1.0,0.0,0,0.009,0.0,0.0,1.0,0.0,0,0,0.0,0.0
PAR,SFS,3,8,9,6,+2,3,8,8,-2,2,9,6,-2,5,7,8,0,4,8,5,-3,3,8,8,-1,9,5,8,+2,5,2,8,-1,9,7,7,+1,9,4,5,0,6,4,4,+2,10,3,6,+2,0.943,-0.008,0,0,0.065,-0.06,0.922,-0.078,0,0.016,0.078,-0.078
PAR,SFS,4,3,8,6,-1,6,4,7,+1,4,7,8,-3,9,6,6,0,8,4,5,0,5,5,6,+1,11,7,8,0,1,6,6,+1,6,8,8,-2,9,5,6,+1,3,4,5,+1,3,6,8,+1,1.0,0.0,0,0,0.0,0.0,1.0,0.0,0.021,0,0.0,0.0
LDN, SHD,1,6,1,4,0,4,2,4,+1,8,2,3,+3,5,0,3,+1,3,1,2,+1,2,1,3,0,1,3,3,-1,0,4,4,-1,3,6,3,-4,1,4,2,0,1,5,3,0,1,6,3,0,0.6,0.4,0,0,0.0,0.0,0.0,6.0,6.0,6.0,-6.0,6.0
LDN, SHD,2,3,12,5,0,9,9,5,0,4,13,4,-2,2,8,6,-1,3,5,4,0,3,9,6,0,20,2,6,+1,6,4,8,0,13,6,6,+2,8,5,6,-3,3,3,3,+1,6,4,5,+2,1.0,-0.077,0.883,0,0.077,-0.073,0.0,6.0,6.0,6.0,-6.0,6.0
LDN, SHD,3,3,0,2,0,3,0,2,+1,7,0,2,+2,4,0,2,+1,2,0,1,+1,2,0,3,+1,0,3,2,0,0,4,2,0,0,5,1,0,0,3,3,-2,0,2,1,0,0,4,1,-4,0.264,0.736,0,0,0.0,0.0,0.0,6.0,6.0,6.0,-6.0,6.0
LDN, SHD,4,2,10,4,0,3,10,4,+2,2,13,4,-4,3,8,3,0,1,7,2,-1,4,9,3,-4,13,0,5,+3,10,2,4,0,7,6,5,+2,10,2,4,+1,6,2,3,+1,10,2,4,0,1.0,0.0,0.589,0,0.0,0.0,0.0,5.951,5.951,5.951,-5.951,5.975
LDN, SHD,5,20,7,6,+4,7,7,8,0,10,10,5,0,6,6,6,+1,0,10,5,-4,8,11,7,+1,14,10,7,0,11,10,7,+1,12,7,6,+1,10,5,5,+2,0,7,7,-3,4,11,7,-3,0.428,-0.048,0,0,0.575,-0.232,0.0,2.134,2.134,2.134,-2.134,4.06
FLA,BOS,1,6,5,3,0,4,6,4,-3,4,7,2,-1,2,2,5,0,4,4,2,0,1,2,4,-1,4,3,4,+2,5,4,4,0,7,5,4,+1,6,3,3,+2,2,3,2,-1,2,3,5,+1,0.965,0.035,1.0,0,-0.035,0.046,1.0,0.0,0,0,0.0,0.0
FLA,BOS,2,3,7,6,0,1,7,5,-2,6,10,6,0,3,7,6,0,0,8,4,-4,5,7,6,+1,7,2,6,+1,7,5,5,+1,10,5,6,0,10,3,4,+2,2,1,4,0,9,3,3,+1,0.937,0.05,0.034,0,0.014,-0.014,1.0,0.0,0,0,0.0,0.0
FLA,BOS,3,6,7,10,+2,6,9,10,-1,7,11,5,0,12,6,7,+2,3,7,5,+1,10,8,10,-2,7,7,9,+1,7,7,9,-1,18,11,9,+1,8,8,9,0,3,4,7,0,5,7,10,-3,0.967,0.027,0.46,0,-0.027,0.027,0.93,0.07,0,0.004,-0.07,0.07
FLA,BOS,4,7,9,8,-2,6,8,7,0,10,10,6,+2,8,6,8,+1,9,6,6,-1,8,9,8,-1,10,6,7,+2,6,9,7,-3,10,11,7,-1,11,6,5,+2,2,10,5,-2,9,7,8,+3,1.0,-0.044,0.956,0,0.044,-0.022,0.96,0.04,0.012,0,-0.04,0.04
VAN,CDH,1,10,3,4,+3,5,3,5,0,7,5,4,+1,7,2,4,-1,4,4,3,-1,7,4,5,0,3,7,4,-2,12,8,5,+4,6,5,6,0,0,7,6,-1,0,7,4,-2,0,6,5,-1,0.609,0.391,0,0,0.0,-0.0,0.0,0.391,0,0,-0.391,0.391
VAN,CDH,2,3,4,4,-1,3,5,4,0,6,9,4,-1,2,6,4,0,0,5,3,0,3,10,6,-3,10,2,8,+4,5,5,8,-2,12,4,6,0,9,2,6,+3,0,1,7,0,3,3,4,0,0.0,0.834,0,0,0.03,-0.01,0.0,-0.223,0,0,0.223,0.166
VAN,CDH,3,14,5,9,+1,6,7,9,+1,7,12,8,-1,3,2,8,+1,5,7,5,-1,11,8,8,0,7,9,7,-1,10,10,8,0,9,11,7,-1,7,9,7,-1,1,3,7,-1,7,6,10,0,0.608,0.181,0,0,0.18,-0.18,0.625,-0.083,0,0,0.083,-0.007
VAN,CDH,4,13,6,8,+1,6,1,9,+2,7,10,8,-3,12,4,8,+3,4,7,5,0,8,7,6,+1,7,10,7,-3,1,11,9,-2,10,11,8,-2,6,4,6,+1,2,5,6,0,9,9,8,+2,0.993,-0.189,0,0,0.189,-0.189,0.873,-0.1,0.005,0,0.1,0.017
VAN,CDH,5,3,2,5,-1,5,2,7,+1,4,5,6,+2,9,0,5,+3,4,5,4,0,5,3,7,+2,5,4,6,+1,2,5,7,-2,1,11,5,-4,6,3,5,-1,1,5,4,-1,2,4,5,-1,0.76,0.24,0,0,0.0,0.002,0.516,0.484,0,0,-0.484,0.484
WAS,PAR,1,1,3,3,0,0,6,3,0,3,7,2,-4,4,5,2,0,4,1,2,0,1,6,2,0,4,3,3,+1,4,2,4,0,5,3,4,-1,5,0,3,+1,4,3,2,-1,6,2,3,+4,1.0,0.0,0,0,0.0,0.0,1.0,0.0,0,0,0.0,0.0
WAS,PAR,2,8,9,10,-2,6,6,8,0,4,7,10,-4,12,3,9,+4,5,2,8,+2,8,6,10,+1,7,8,11,+2,1,10,10,-4,6,9,8,-1,5,5,8,+1,6,6,7,+1,8,6,9,0,1.0,-0.012,0,0,0.012,-0.006,0.996,-0.001,0,0,0.001,0.004
WAS,PAR,3,10,9,9,-2,2,9,7,-4,7,11,6,-4,17,4,8,+2,6,7,6,0,4,6,9,-1,9,11,8,+2,8,9,9,+2,7,7,9,-1,12,5,8,+5,4,6,6,0,6,8,8,+1,0.999,-0.03,0,0,0.03,-0.015,0.823,-0.005,0.041,0,0.005,0.173
WAS,PAR,4,7,3,8,+2,2,5,6,-1,5,6,7,-2,9,2,6,+1,0,3,5,-1,8,0,8,+2,0,7,7,-3,1,6,7,0,4,5,8,-1,8,5,8,-1,5,4,5,+3,1,4,8,+1,1.0,0.0,0,0,0.0,0.0,1.0,0.0,0,0,0.0,0.002
LDN,SEO,1,5,7,5,-1,0,5,8,0,6,7,6,0,1,6,5,-1,1,5,5,-1,3,5,7,0,4,3,7,0,7,2,7,0,9,4,7,+1,8,3,6,+2,4,3,4,0,2,2,6,0,0.641,0.342,0,0,0.017,-0.017,0.641,0.359,0,0,0.0,0.0
LDN,SEO,2,5,8,8,-3,5,8,8,0,8,12,8,0,9,7,6,+1,2,4,6,0,3,8,7,-1,9,6,8,+1,5,6,9,-1,9,8,9,0,16,3,6,+6,3,3,5,0,5,6,6,-3,1.0,0.0,0,0.004,0.0,0.002,1.0,0.0,0,0.003,0.0,0.001
LDN,SEO,3,8,8,6,+1,6,9,7,-1,5,10,7,-4,10,5,6,+2,3,5,4,0,7,8,6,0,11,5,8,+1,9,9,9,0,2,9,8,-3,12,3,6,+3,6,6,5,0,5,7,7,+1,0.845,0.096,0,0,0.058,-0.029,0.85,-0.001,0.05,0,0.001,0.064
LDN,SEO,4,5,8,7,+1,4,11,7,-4,6,14,6,-2,10,9,6,+1,2,7,4,-2,2,10,7,-1,15,6,7,-1,3,5,9,+2,14,6,8,+2,11,2,6,+1,5,4,6,+2,10,6,5,+1,0.962,0.034,0,0,-0.034,0.036,1.0,0.0,0.631,0,0.0,0.0
BOS,DAL,1,3,5,6,-1,2,10,6,0,6,12,4,-7,4,6,5,-1,4,9,4,-1,3,7,4,-2,7,5,5,+2,7,4,6,+1,9,5,6,+1,6,2,6,+1,12,1,4,+6,8,4,5,+1,0.572,0.4,0,0,-0.013,0.027,0.614,0.385,0.612,0,0.001,-0.001
BOS,DAL,2,6,7,6,0,1,11,7,-1,6,14,4,-7,5,10,8,+1,0,9,4,0,7,7,9,0,18,3,8,+2,1,7,8,-2,18,4,8,+4,8,4,10,+2,6,3,3,0,7,4,7,+1,0.999,-0.022,0,0,0.022,-0.01,1.0,0.0,1.0,0,0.0,0.0
BOS,DAL,3,5,7,7,0,6,8,6,-1,2,11,6,-3,14,8,6,+2,8,7,6,+2,12,7,8,+1,11,6,7,+1,6,8,8,-3,10,9,9,0,5,8,9,0,6,6,6,0,5,11,6,+1,0.998,0.002,0.029,0,-0.002,0.017,0.997,0.003,1.0,0.007,-0.003,0.006
BOS,DAL,4,11,4,6,0,7,3,5,+3,7,6,6,-2,8,2,5,0,5,3,5,0,8,7,7,+4,7,6,6,0,4,7,6,0,4,9,5,-1,3,7,7,-3,5,7,3,0,2,10,6,-1,1.0,0.0,0,0,0.0,0.0,1.0,0.0,0.917,0,0.0,0.0
BOS,DAL,5,17,3,5,+1,6,5,6,-2,12,6,5,-3,8,3,4,+2,4,3,4,+1,5,4,4,0,2,10,4,-2,3,10,6,0,5,10,4,-1,5,9,5,+1,4,6,3,+1,4,9,5,+2,0.568,0.428,0,0.03,0.004,-0.002,0.503,0.497,0.336,0.004,-0.065,0.082
ATL,CDH,1,0,5,4,0,3,6,1,-1,2,8,2,-1,2,5,2,0,2,7,2,0,2,8,4,-6,8,1,4,0,13,2,4,+5,6,1,5,+1,8,0,2,+2,0,3,2,0,3,4,2,0,0.487,-0.241,0,0,0.754,-0.457,0.0,0.0,0,0,0.0,0.0
ATL,CDH,2,15,6,11,+4,15,6,9,0,8,7,7,0,8,7,7,+3,3,8,6,-2,7,9,11,+1,12,8,7,+2,7,9,11,+2,9,13,11,-7,4,10,10,-1,3,9,6,-2,7,10,10,0,0.541,0.444,0,0,0.015,-0.015,0.597,-0.002,0,0,0.002,-0.002
ATL,CDH,3,2,4,2,-1,1,5,1,0,1,6,1,-2,4,5,1,0,0,5,1,0,0,3,1,-1,8,1,2,+1,8,1,2,+1,2,1,2,0,6,2,2,+1,0,1,1,0,3,1,2,+1,0.162,-0.208,0,0.147,0.853,-0.404,0.0,-0.807,0,0,0.807,-0.307
ATL,CDH,4,19,9,9,+2,6,7,6,-1,10,9,7,0,12,6,7,+1,7,5,5,0,8,8,6,-1,5,11,6,-1,12,12,9,+4,9,13,7,-2,10,6,9,+1,1,9,6,-4,5,13,7,+1,1.0,0.0,0,0.008,0.0,0.0,0.535,-0.104,0,0.164,0.104,-0.05
ATL,CDH,5,0,6,3,-2,2,5,3,+2,3,11,2,-5,3,5,3,+1,2,7,2,-2,2,9,5,0,9,2,5,0,7,3,4,+2,6,3,4,0,10,2,3,+2,4,1,3,+1,7,1,3,+1,1.0,0.0,0,0,0.0,0.0,0.948,0.052,0,0,-0.052,0.052
PHI,PAR,1,4,5,6,0,4,9,6,-1,5,11,5,-1,8,4,5,+1,0,6,4,-1,5,9,6,-2,11,3,7,+2,5,7,7,+2,7,7,5,-2,8,3,5,0,7,2,4,0,6,4,6,+2,1.0,0.0,0.003,0,0.0,0.0,1.0,0.0,0,0,0.0,0.0
PHI,PAR,2,10,6,7,-1,5,6,8,+1,12,6,9,+2,9,2,6,+3,5,4,5,+2,7,6,7,0,5,10,7,-1,1,8,6,0,8,11,6,-4,9,7,5,-1,3,6,4,-2,4,7,6,+1,1.0,-0.002,0,0,0.002,-0.001,1.0,0.0,0.005,0,0.0,0.022
PHI,PAR,3,5,1,3,0,5,1,3,+1,4,1,4,+3,4,1,3,+1,1,0,2,0,7,1,3,0,0,6,2,-2,2,5,3,-1,1,6,2,-2,0,3,2,-1,2,1,2,+1,0,5,3,0,0.333,0.667,0,0,0.0,0.0,0.924,0.076,0,0,-0.076,0.117
PHI,PAR,4,9,2,6,+3,1,6,7,-1,18,5,7,+3,6,2,5,+1,6,3,5,0,10,5,7,0,1,10,5,-1,1,10,6,-2,7,10,7,+3,1,8,5,-2,2,6,4,-1,8,7,6,-3,0.722,0.266,0,0,0.012,-0.006,0.986,0.014,0,0,-0.014,0.014
WAS,FLA,1,8,6,11,+2,10,7,10,-2,3,7,10,-3,5,6,9,+1,5,4,5,+1,6,5,8,+2,4,4,11,0,5,7,10,-2,8,11,8,-1,5,6,9,+1,6,4,4,+1,4,8,8,0,0.724,0.276,0,0,0.0,0.0,0.687,0.313,0,0.028,-0.037,0.053
WAS,FLA,2,13,7,9,+2,9,10,8,0,9,10,8,-2,8,7,9,-1,3,5,6,+1,7,5,8,0,13,9,8,0,7,5,11,0,9,11,9,+1,7,5,11,0,1,6,5,-3,11,8,9,+4,1.0,0.0,0,0.009,0.0,0.0,1.0,0.0,1.0,0.005,0.0,0.001
WAS,FLA,3,11,9,7,+5,10,10,6,-3,6,12,6,-2,8,10,7,0,3,8,4,0,3,9,8,-2,14,3,9,+3,10,9,8,+1,14,9,6,0,8,8,8,-1,5,7,4,0,6,5,7,-1,0.975,0.021,0,0.022,-0.021,0.023,0.992,0.008,0.827,0.004,-0.008,0.01
WAS,FLA,4,8,15,9,+1,4,16,9,-1,12,15,9,0,8,8,6,+1,5,10,8,-1,7,13,10,-4,11,7,15,+1,8,9,9,0,23,9,9,+4,11,7,15,+1,6,3,6,-2,13,11,8,-1,1.0,0.0,0.001,0,0.0,0.0,0.978,0.021,0.775,0,-0.021,0.021
WAS,FLA,5,8,3,5,+2,4,4,3,-1,6,4,5,0,4,1,3,0,2,0,3,+1,2,4,4,-1,5,5,5,+2,2,5,4,-1,6,5,3,+1,0,4,4,-1,0,4,3,-1,3,5,3,-1,0.697,0.303,0,0,0.0,0.0,0.377,0.56,0,0,-0.257,0.288
